Date,High,Low,Close
2020-12-10,165.0,141.25,144.7100067138672
2020-12-11,151.5,135.10000610351562,139.25
2020-12-14,135.3000030517578,125.16000366210938,130.0
2020-12-15,127.5999984741211,121.5,124.80000305175781
2020-12-16,142.0,124.91000366210938,137.99000549316406
2020-12-17,152.4499969482422,142.6699981689453,147.0500030517578
2020-12-18,159.0,150.3000030517578,157.3000030517578
2020-12-21,172.0,145.11000061035156,163.02000427246094
2020-12-22,174.97000122070312,161.0500030517578,163.19000244140625
2020-12-23,168.25,155.5,158.00999450683594
2020-12-24,162.7899932861328,154.11199951171875,154.83999633789062
2020-12-28,163.63999938964844,147.52000427246094,149.0
2020-12-29,151.6510009765625,143.1199951171875,150.0
2020-12-30,152.81300354003906,145.60000610351562,148.42999267578125
2020-12-31,147.88999938964844,144.50999450683594,146.8000030517578
2021-01-04,151.0050048828125,137.0,139.14999389648438
2021-01-05,149.0,137.25,148.3000030517578
2021-01-06,148.35000610351562,141.11000061035156,142.77000427246094
2021-01-07,154.4199981689453,145.26100158691406,151.27000427246094
2021-01-08,155.5399932861328,147.25,149.77000427246094
2021-01-11,150.5,144.02000427246094,148.1300048828125
2021-01-12,163.8800048828125,143.61000061035156,160.8000030517578
2021-01-13,178.6199951171875,159.35000610351562,169.99000549316406
2021-01-14,187.4199981689453,174.97500610351562,180.5
2021-01-15,185.9949951171875,164.86000061035156,169.27000427246094
2021-01-19,178.60000610351562,166.60000610351562,173.69000244140625
2021-01-20,176.30999755859375,161.0,161.8300018310547
2021-01-21,183.47000122070312,155.3300018310547,180.39999389648438
2021-01-22,185.3070068359375,175.19000244140625,181.8699951171875
2021-01-25,192.47000122070312,170.02999877929688,177.52999877929688
2021-01-26,193.0,177.3000030517578,192.74000549316406
2021-01-27,216.0,185.5,201.25
2021-01-28,212.83999633789062,187.0500030517578,187.3699951171875
2021-01-29,193.5,179.30999755859375,183.6300048828125
2021-02-01,188.82000732421875,179.74000549316406,180.44000244140625
2021-02-02,186.47900390625,177.11000061035156,179.1699981689453
2021-02-03,190.89999389648438,180.0,185.72000122070312
2021-02-04,195.99000549316406,186.19000244140625,195.8000030517578
2021-02-05,197.25,190.25,195.30999755859375
2021-02-08,201.9600067138672,191.5,200.42999267578125
2021-02-09,209.22000122070312,196.16000366210938,199.8800048828125
2021-02-10,214.71600341796875,202.0970001220703,211.66000366210938
2021-02-11,219.94000244140625,207.0,216.83999633789062
2021-02-12,216.94000244140625,209.0,212.67999267578125
2021-02-16,218.77999877929688,209.08999633789062,209.86000061035156
2021-02-17,208.76499938964844,196.02000427246094,201.9600067138672
2021-02-18,200.36000061035156,192.1699981689453,198.0399932861328
2021-02-19,205.5500030517578,200.17999267578125,201.07000732421875
2021-02-22,205.0,193.5,195.33999633789062
2021-02-23,191.6699981689453,175.0,187.58999633789062
2021-02-24,208.14500427246094,189.0,200.1999969482422
2021-02-25,199.8000030517578,180.0,182.05999755859375
2021-02-26,214.10000610351562,185.75,206.35000610351562
2021-03-01,199.69000244140625,192.6199951171875,196.4199981689453
2021-03-02,200.0,188.5,189.89999389648438
2021-03-03,188.47999572753906,178.8000030517578,180.39999389648438
2021-03-04,183.89999389648438,170.8699951171875,180.22999572753906
2021-03-05,183.5,161.89999389648438,179.80999755859375
2021-03-08,186.39999389648438,177.02999877929688,180.80999755859375
2021-03-09,189.4600067138672,180.72000122070312,183.11000061035156
2021-03-10,191.0,181.5500030517578,183.7899932861328
2021-03-11,201.0,188.5,197.8699951171875
2021-03-12,208.6999969482422,192.1999969482422,206.74000549316406
2021-03-15,213.74000549316406,203.80999755859375,209.99000549316406
2021-03-16,215.49000549316406,198.17999267578125,200.00999450683594
2021-03-17,203.4600067138672,194.44000244140625,201.36000061035156
2021-03-18,199.89999389648438,190.67999267578125,191.4499969482422
2021-03-19,196.49000549316406,187.80999755859375,194.38999938964844
2021-03-22,203.3000030517578,194.7100067138672,195.0
2021-03-23,196.75,185.74000549316406,187.13999938964844
2021-03-24,189.77999877929688,178.50999450683594,178.85000610351562
2021-03-25,179.5399932861328,170.5,176.16000366210938
2021-03-26,181.0,168.0,174.39999389648438
2021-03-29,185.4600067138672,173.5,182.5
2021-03-30,185.22999572753906,178.3800048828125,183.10000610351562
2021-03-31,192.27499389648438,185.1300048828125,187.94000244140625
2021-04-01,193.99000549316406,185.3699951171875,188.24000549316406
2021-04-05,192.10000610351562,185.80999755859375,186.69000244140625
2021-04-06,194.47999572753906,187.52000427246094,190.02999877929688
2021-04-07,190.6199951171875,179.47000122070312,179.94000244140625
2021-04-08,183.89999389648438,179.3000030517578,180.17999267578125
2021-04-09,182.4600067138672,177.25,179.5
2021-04-12,181.49000549316406,176.25,176.49000549316406
2021-04-13,178.61000061035156,172.13999938964844,177.9499969482422
2021-04-14,181.4669952392578,175.30999755859375,176.42999267578125
2021-04-15,178.24000549316406,174.25,175.35000610351562
2021-04-16,179.50999450683594,172.94000244140625,178.69000244140625
2021-04-19,178.72000122070312,171.5,174.5800018310547
2021-04-20,175.0,165.52000427246094,169.57000732421875
2021-04-21,170.32000732421875,164.1199951171875,167.07000732421875
2021-04-22,176.9199981689453,168.42999267578125,170.7100067138672
2021-04-23,178.25,172.0,174.25
2021-04-26,176.031005859375,171.07000732421875,174.8800048828125
2021-04-27,179.61000061035156,174.8000030517578,177.94000244140625
2021-04-28,181.6699981689453,173.3509979248047,180.0
2021-04-29,183.22000122070312,173.35000610351562,177.67999267578125
2021-04-30,176.4499969482422,172.00999450683594,172.7100067138672
2021-05-03,173.44000244140625,167.8000030517578,168.11000061035156
2021-05-04,169.0399932861328,161.9600067138672,168.89999389648438
2021-05-05,170.17999267578125,162.1199951171875,162.3300018310547
2021-05-06,162.10499572753906,150.6999969482422,153.63999938964844
2021-05-07,157.0540008544922,148.77999877929688,151.2100067138672
2021-05-10,150.5,144.52000427246094,146.72999572753906
2021-05-11,144.35000610351562,136.00999450683594,142.72999572753906
2021-05-12,144.77000427246094,138.75,140.25
2021-05-13,142.32899475097656,131.27999877929688,135.75
2021-05-14,142.25,131.6699981689453,141.1999969482422
2021-05-17,137.7899932861328,130.2530059814453,132.5
2021-05-18,138.39999389648438,131.49000549316406,135.02000427246094
2021-05-19,138.3800048828125,129.7100067138672,138.19000244140625
2021-05-20,138.88999938964844,135.64999389648438,136.1999969482422
2021-05-21,137.1699981689453,132.8800048828125,134.7100067138672
2021-05-24,137.97999572753906,134.38999938964844,135.91000366210938
2021-05-25,137.85000610351562,133.55999755859375,133.99000549316406
2021-05-26,135.75999450683594,133.7209930419922,134.75
2021-05-27,143.82000732421875,134.5,143.1699981689453
2021-05-28,145.0,140.25,140.39999389648438
2021-06-01,146.08900451660156,141.58999633789062,144.30999755859375
2021-06-02,152.6999969482422,144.39999389648438,151.0
2021-06-03,151.1199951171875,143.8000030517578,144.19000244140625
2021-06-04,151.57000732421875,145.0,150.72999572753906
2021-06-07,150.9600067138672,146.39999389648438,148.97000122070312
2021-06-08,150.75,145.8000030517578,147.00999450683594
2021-06-09,149.36000061035156,144.4600067138672,144.85000610351562
2021-06-10,147.4499969482422,141.0399932861328,146.1199951171875
2021-06-11,148.9499969482422,145.1999969482422,148.44000244140625
2021-06-14,149.60000610351562,146.85000610351562,149.2100067138672
2021-06-15,153.74000549316406,148.83999633789062,151.77999877929688
2021-06-16,152.35000610351562,146.9199981689453,149.14999389648438
2021-06-17,152.2899932861328,148.61199951171875,150.6999969482422
2021-06-18,154.8000030517578,149.39999389648438,152.52000427246094
2021-06-21,152.61000061035156,145.8300018310547,149.6999969482422
2021-06-22,151.64700317382812,148.39999389648438,149.67999267578125
2021-06-23,154.58999633789062,147.8000030517578,151.5800018310547
2021-06-24,153.6269989013672,149.86000061035156,150.72999572753906
2021-06-25,153.1699981689453,149.27999877929688,149.6699981689453
2021-06-28,150.92999267578125,147.0800018310547,149.94000244140625
2021-06-29,149.94000244140625,145.77000427246094,146.0800018310547
2021-06-30,154.08999633789062,144.2449951171875,153.13999938964844
2021-07-01,157.41000366210938,151.41000366210938,153.0800018310547
2021-07-02,154.9499969482422,149.55999755859375,150.22999572753906
2021-07-06,152.8000030517578,147.80999755859375,148.3699951171875
2021-07-07,148.94000244140625,143.60000610351562,143.72000122070312
2021-07-08,143.72999572753906,139.52999877929688,142.52999877929688
2021-07-09,150.25999450683594,143.3000030517578,149.63999938964844
2021-07-12,150.4199981689453,146.00999450683594,146.69000244140625
2021-07-13,147.69500732421875,143.0,143.41000366210938
2021-07-14,144.1999969482422,139.0399932861328,139.08999633789062
2021-07-15,140.52000427246094,136.5399932861328,137.5
2021-07-16,139.7899932861328,133.50999450683594,134.30999755859375
2021-07-19,133.77000427246094,130.30999755859375,131.8800048828125
2021-07-20,137.43499755859375,131.6999969482422,136.08999633789062
2021-07-21,140.14999389648438,135.72500610351562,139.25
2021-07-22,141.2899932861328,137.66000366210938,139.47000122070312
2021-07-23,140.0,137.41000366210938,138.72999572753906
2021-07-26,142.19000244140625,137.1999969482422,142.0
2021-07-27,142.52000427246094,138.30999755859375,141.5800018310547
2021-07-28,143.72999572753906,141.02999877929688,143.3000030517578
2021-07-29,145.0,141.7100067138672,143.47000122070312
2021-07-30,144.69000244140625,141.74000549316406,144.00999450683594
2021-08-02,146.27000427246094,143.39999389648438,145.49000549316406
2021-08-03,147.7899932861328,143.27999877929688,145.64999389648438
2021-08-04,147.4600067138672,145.00999450683594,147.39999389648438
2021-08-05,150.41000366210938,146.3990020751953,150.32000732421875
2021-08-06,150.19000244140625,147.5500030517578,149.99000549316406
2021-08-09,151.0,148.6999969482422,149.44000244140625
2021-08-10,150.75999450683594,147.85000610351562,147.9499969482422
2021-08-11,149.27999877929688,145.1580047607422,148.16000366210938
2021-08-12,151.67999267578125,146.5500030517578,151.14999389648438
2021-08-13,152.75999450683594,144.50999450683594,152.75999450683594
2021-08-16,152.02999877929688,144.89999389648438,148.57000732421875
2021-08-17,148.1999969482422,143.5800018310547,143.89999389648438
2021-08-18,148.67999267578125,141.6999969482422,146.74000549316406
2021-08-19,145.27999877929688,141.9199981689453,142.64999389648438
2021-08-20,143.94900512695312,141.5,143.6999969482422
2021-08-23,147.6300048828125,144.14999389648438,146.7899932861328
2021-08-24,161.97999572753906,146.5,161.4199981689453
2021-08-25,163.0590057373047,158.0,160.35000610351562
2021-08-26,159.5,151.4499969482422,152.72999572753906
2021-08-27,156.44000244140625,151.4499969482422,154.17999267578125
2021-08-30,157.49000549316406,151.9199981689453,156.02000427246094
2021-08-31,158.14999389648438,153.5800018310547,154.99000549316406
2021-09-01,158.63999938964844,154.2899932861328,156.58999633789062
2021-09-02,159.4600067138672,156.5,157.1999969482422
2021-09-03,160.63999938964844,157.1999969482422,158.0
2021-09-07,165.73500061035156,159.5500030517578,165.0
2021-09-08,166.5500030517578,161.60000610351562,163.92999267578125
2021-09-09,166.97000122070312,160.8300018310547,166.0
2021-09-10,168.23599243164062,165.00999450683594,165.1999969482422
2021-09-13,162.99000549316406,154.7899932861328,160.32000732421875
2021-09-14,164.6999969482422,159.41000366210938,163.3000030517578
2021-09-15,166.6300048828125,160.49000549316406,166.3699951171875
2021-09-16,169.4499969482422,165.0399932861328,168.14999389648438
2021-09-17,170.0,163.61000061035156,166.58999633789062
2021-09-20,166.5399932861328,159.44500732421875,161.63999938964844
2021-09-21,170.00999450683594,162.9600067138672,169.2899932861328
2021-09-22,171.80999755859375,167.37100219726562,169.9600067138672
2021-09-23,176.0,170.5,175.1300048828125
2021-09-24,176.9600067138672,173.61000061035156,175.8800048828125
2021-09-27,176.31900024414062,172.02000427246094,174.25999450683594
2021-09-28,173.55999755859375,166.89999389648438,168.5800018310547
2021-09-29,171.2209930419922,166.5500030517578,168.07000732421875
2021-09-30,169.5,165.7100067138672,167.75
2021-10-01,173.1999969482422,168.5500030517578,173.00999450683594
2021-10-04,172.25999450683594,164.02999877929688,164.5
2021-10-05,166.58999633789062,162.42999267578125,164.74000549316406
2021-10-06,167.32000732421875,160.6300048828125,167.25
2021-10-07,171.27000427246094,168.60000610351562,169.60000610351562
2021-10-08,174.10000610351562,169.47999572753906,169.97000122070312
2021-10-11,171.5399932861328,166.6300048828125,166.6699981689453
2021-10-12,175.89999389648438,171.22999572753906,172.75
2021-10-13,175.19000244140625,171.8000030517578,173.5800018310547
2021-10-14,176.75,170.0399932861328,170.5
2021-10-15,172.9499969482422,168.5800018310547,169.17999267578125
2021-10-18,172.6999969482422,167.11000061035156,172.32000732421875
2021-10-19,172.80999755859375,170.05999755859375,170.74000549316406
2021-10-20,171.94000244140625,168.1999969482422,169.75999450683594
2021-10-21,171.52999877929688,167.6999969482422,170.5
2021-10-22,169.44000244140625,165.16000366210938,166.63999938964844
2021-10-25,170.32899475097656,166.64999389648438,169.24000549316406
2021-10-26,172.0,167.89999389648438,171.13999938964844
2021-10-27,172.64999389648438,168.8800048828125,169.10000610351562
2021-10-28,171.85000610351562,168.7100067138672,171.6999969482422
2021-10-29,171.38999938964844,168.8489990234375,170.66000366210938
2021-11-01,175.44000244140625,170.5,174.60000610351562
2021-11-02,175.3000030517578,170.5800018310547,172.8699951171875
2021-11-03,173.75,170.92999267578125,172.8699951171875
2021-11-04,179.43499755859375,173.9600067138672,178.4499969482422
2021-11-05,203.2949981689453,185.94400024414062,201.6199951171875
2021-11-08,211.33599853515625,199.75,200.32000732421875
2021-11-09,201.5,187.5,194.67999267578125
2021-11-10,195.0,189.27999877929688,192.22000122070312
2021-11-11,197.92999267578125,190.77000427246094,191.61000061035156
2021-11-12,208.16000366210938,192.05999755859375,206.5399932861328
2021-11-15,209.24000549316406,204.16000366210938,207.2100067138672
2021-11-16,209.92999267578125,203.47000122070312,207.0399932861328
2021-11-17,212.58399963378906,198.39999389648438,199.11000061035156
2021-11-18,205.0,196.0,204.3300018310547
2021-11-19,199.36000061035156,190.5,196.4199981689453
2021-11-22,190.75999450683594,176.72000122070312,181.72999572753906
2021-11-23,183.72999572753906,175.25,178.27000427246094
2021-11-24,182.77999877929688,175.0,179.88999938964844
2021-11-26,174.63999938964844,167.0399932861328,173.86000061035156
2021-11-29,180.6999969482422,175.89999389648438,180.0800018310547
2021-11-30,180.63999938964844,170.92100524902344,172.5399932861328
2021-12-01,180.1300048828125,162.02999877929688,163.0800018310547
2021-12-02,170.2949981689453,160.49000549316406,169.60000610351562
2021-12-03,170.72999572753906,162.13999938964844,166.75
2021-12-06,181.92999267578125,162.85000610351562,180.85000610351562
2021-12-07,187.5,182.02000427246094,183.13999938964844
2021-12-08,187.5,182.13999938964844,186.49000549316406
2021-12-09,185.302001953125,179.27999877929688,181.4600067138672
2021-12-10,181.10000610351562,175.85400390625,180.4199981689453
2021-12-13,180.0,168.88999938964844,171.0399932861328
2021-12-14,169.91000366210938,164.5,167.9600067138672
2021-12-15,168.9600067138672,160.17999267578125,168.13999938964844
2021-12-16,167.72999572753906,153.60000610351562,156.3800048828125
2021-12-17,158.30999755859375,149.44000244140625,157.91000366210938
2021-12-20,158.47999572753906,151.0,157.22999572753906
2021-12-21,167.27499389648438,158.3699951171875,165.66000366210938
2021-12-22,170.67999267578125,162.8000030517578,169.2899932861328
2021-12-23,171.99000549316406,166.88999938964844,171.30999755859375
2021-12-27,172.42999267578125,168.77999877929688,171.67999267578125
2021-12-28,172.72999572753906,167.72999572753906,169.7100067138672
2021-12-29,170.47999572753906,165.02000427246094,167.44000244140625
2021-12-30,170.85000610351562,165.7100067138672,168.77999877929688
2021-12-31,170.8699951171875,166.0800018310547,166.49000549316406
2022-01-03,172.83999633789062,165.22000122070312,172.67999267578125
2022-01-04,175.89999389648438,167.1999969482422,170.8000030517578
2022-01-05,175.10699462890625,162.24000549316406,162.25
2022-01-06,163.72999572753906,156.33999633789062,159.75
2022-01-07,166.8800048828125,158.4550018310547,166.0500030517578
2022-01-10,161.6999969482422,152.10000610351562,160.7100067138672
2022-01-11,169.38999938964844,159.0780029296875,168.61000061035156
2022-01-12,171.0399932861328,165.11000061035156,169.5399932861328
2022-01-13,171.99000549316406,165.76499938964844,166.0
2022-01-14,167.6300048828125,160.24000549316406,163.99000549316406
2022-01-18,160.7899932861328,153.8699951171875,154.69000244140625
2022-01-19,160.22999572753906,154.44000244140625,154.5800018310547
2022-01-20,165.1999969482422,157.35000610351562,158.0
2022-01-21,160.1999969482422,152.41000366210938,156.72999572753906
2022-01-24,151.16000366210938,135.75999450683594,147.89999389648438
2022-01-25,147.3800048828125,140.1300048828125,144.55999755859375
2022-01-26,152.39999389648438,140.04100036621094,142.13999938964844
2022-01-27,145.54800415039062,137.9199981689453,138.41000366210938
2022-01-28,143.11000061035156,134.37399291992188,142.77000427246094
2022-01-31,153.97000122070312,143.80999755859375,153.97000122070312
2022-02-01,157.38999938964844,152.5,156.94000244140625
2022-02-02,156.50999450683594,150.71200561523438,151.75999450683594
2022-02-03,152.17999267578125,146.67999267578125,149.57000732421875
2022-02-04,157.24000549316406,150.0,155.55999755859375
2022-02-07,160.8800048828125,155.9499969482422,157.91000366210938
2022-02-08,163.07899475097656,153.44000244140625,162.25999450683594
2022-02-09,170.07000732421875,165.0800018310547,169.52999877929688
2022-02-10,177.05999755859375,165.2449951171875,171.9499969482422
2022-02-11,176.74000549316406,164.8300018310547,166.52999877929688
2022-02-14,171.8000030517578,165.02999877929688,169.66000366210938
2022-02-15,180.6320037841797,172.75,180.07000732421875
2022-02-16,191.72999572753906,178.0,186.63999938964844
2022-02-17,188.97999572753906,181.5399932861328,183.60000610351562
2022-02-18,182.66000366210938,173.6199951171875,174.89999389648438
2022-02-22,176.3800048828125,161.32000732421875,165.24000549316406
2022-02-23,166.65499877929688,149.85000610351562,150.0399932861328
2022-02-24,158.9600067138672,141.17999267578125,158.25999450683594
2022-02-25,159.4499969482422,152.91000366210938,155.08999633789062
2022-02-28,155.0959930419922,148.3000030517578,151.49000549316406
2022-03-01,154.22000122070312,149.9499969482422,151.00999450683594
2022-03-02,158.0800018310547,151.88999938964844,157.52999877929688
2022-03-03,159.22000122070312,150.99000549316406,151.69000244140625
2022-03-04,151.88999938964844,140.4600067138672,142.6999969482422
2022-03-07,145.27000427246094,131.52000427246094,131.58999633789062
2022-03-08,144.47000122070312,131.5,142.1300048828125
2022-03-09,150.99000549316406,145.3300018310547,148.30999755859375
2022-03-10,152.88999938964844,144.40899658203125,151.8000030517578
2022-03-11,155.0,145.0,145.13999938964844
2022-03-14,144.6699981689453,136.0399932861328,138.5
2022-03-15,144.72999572753906,138.32000732421875,143.9499969482422
2022-03-16,156.97999572753906,146.30999755859375,155.75
2022-03-17,157.60000610351562,151.0500030517578,157.5500030517578
2022-03-18,167.17999267578125,155.6999969482422,167.0
2022-03-21,165.9499969482422,159.0,161.8000030517578
2022-03-22,168.1750030517578,162.0,166.44000244140625
2022-03-23,166.88999938964844,162.8800048828125,164.16000366210938
2022-03-24,171.0,162.66799926757812,170.8300018310547
2022-03-25,170.61000061035156,164.13400268554688,167.22000122070312
2022-03-28,168.718994140625,162.42999267578125,167.64999389648438
2022-03-29,178.8800048828125,171.80999755859375,175.52000427246094
2022-03-30,176.82000732421875,172.02000427246094,173.6300048828125
2022-03-31,176.14999389648438,171.16400146484375,171.75999450683594
2022-04-01,177.94000244140625,172.22999572753906,173.07000732421875
2022-04-04,177.02000427246094,172.5850067138672,177.02000427246094
2022-04-05,179.08999633789062,170.1199951171875,171.2100067138672
2022-04-06,168.77000427246094,161.5800018310547,164.66000366210938
2022-04-07,167.86000061035156,161.7100067138672,165.91000366210938
2022-04-08,164.89999389648438,159.35000610351562,162.55999755859375
2022-04-11,163.57000732421875,157.41000366210938,160.25
2022-04-12,166.11000061035156,157.27999877929688,160.11000061035156
2022-04-13,172.9600067138672,160.64999389648438,171.85000610351562
2022-04-14,174.63999938964844,170.2949981689453,170.6999969482422
2022-04-18,170.1199951171875,164.35000610351562,165.74000549316406
2022-04-19,170.82000732421875,165.7100067138672,170.1199951171875
2022-04-20,172.61000061035156,164.30999755859375,164.5500030517578
2022-04-21,170.92999267578125,156.67999267578125,157.91000366210938
2022-04-22,161.6699981689453,154.77999877929688,156.08999633789062
2022-04-25,159.7899932861328,152.10000610351562,158.38999938964844
2022-04-26,159.1999969482422,152.8000030517578,153.0399932861328
2022-04-27,157.3000030517578,150.44000244140625,152.22999572753906
2022-04-28,161.2550048828125,153.66000366210938,159.74000549316406
2022-04-29,163.24000549316406,153.0,153.2100067138672
2022-05-02,155.1300048828125,147.21099853515625,152.77999877929688
2022-05-03,154.49000549316406,141.5800018310547,145.0
2022-05-04,158.74000549316406,145.8719940185547,156.17999267578125
2022-05-05,153.8800048828125,140.85800170898438,143.08999633789062
2022-05-06,143.11000061035156,133.0399932861328,135.83999633789062
2022-05-09,131.88499450683594,118.83000183105469,119.37000274658203
2022-05-10,123.45999908447266,113.52999877929688,116.12999725341797
2022-05-11,123.7699966430664,112.36699676513672,116.1500015258789
2022-05-12,120.48999786376953,111.22000122070312,115.94000244140625
2022-05-13,123.29000091552734,118.81999969482422,121.44999694824219
2022-05-16,121.06999969482422,113.25,114.44000244140625
2022-05-17,120.18000030517578,114.51000213623047,117.5
2022-05-18,117.04000091552734,107.62000274658203,108.02999877929688
2022-05-19,116.3499984741211,107.44999694824219,114.16999816894531
2022-05-20,116.25,108.5,112.55000305175781
2022-05-23,115.1500015258789,110.93000030517578,113.27999877929688
2022-05-24,111.41999816894531,103.74099731445312,106.23999786376953
2022-05-25,111.94000244140625,104.97000122070312,110.4000015258789
2022-05-26,115.55000305175781,108.11000061035156,114.30000305175781
2022-05-27,120.69999694824219,115.7699966430664,120.5
2022-05-31,122.29900360107422,117.16000366210938,120.87000274658203
2022-06-01,121.0739974975586,114.3949966430664,116.72000122070312
2022-06-02,123.0,116.2699966430664,121.26000213623047
2022-06-03,121.5,117.55999755859375,119.83000183105469
2022-06-06,124.18000030517578,119.91999816894531,122.0199966430664
2022-06-07,123.91200256347656,119.12000274658203,122.9000015258789
2022-06-08,125.51000213623047,121.2300033569336,123.7699966430664
2022-06-09,122.9800033569336,115.41999816894531,115.72000122070312
2022-06-10,115.12999725341797,108.31999969482422,108.91000366210938
2022-06-13,105.33000183105469,98.36000061035156,98.93000030517578
2022-06-14,101.3499984741211,97.20099639892578,98.87000274658203
2022-06-15,103.6500015258789,98.91999816894531,101.47000122070312
2022-06-16,97.5,92.08999633789062,93.26000213623047
2022-06-17,100.61000061035156,93.52999877929688,99.48999786376953
2022-06-21,104.88899993896484,101.62000274658203,102.2699966430664
2022-06-22,102.5,98.72000122070312,99.52999877929688
2022-06-23,100.80000305175781,93.0199966430664,95.72000122070312
2022-06-24,104.18000030517578,96.33000183105469,103.51000213623047
2022-06-27,104.16999816894531,99.33000183105469,101.5
2022-06-28,105.44999694824219,97.08999633789062,97.52999877929688
2022-06-29,97.0,92.05000305175781,93.93000030517578
2022-06-30,92.91000366210938,86.70999908447266,89.08000183105469
2022-07-01,91.45999908447266,87.43000030517578,91.41000366210938
2022-07-05,96.01000213623047,86.75,95.94000244140625
2022-07-06,96.16999816894531,91.80000305175781,92.87999725341797
2022-07-07,97.55000305175781,92.16000366210938,97.5
2022-07-08,98.12000274658203,93.24199676513672,97.3499984741211
2022-07-11,97.08999633789062,93.2699966430664,95.0999984741211
2022-07-12,97.68599700927734,93.31999969482422,96.55000305175781
2022-07-13,96.58899688720703,91.61000061035156,95.63999938964844
2022-07-14,94.58000183105469,90.16999816894531,91.05000305175781
2022-07-15,95.6500015258789,90.66000366210938,94.66000366210938
2022-07-18,101.87999725341797,95.9800033569336,97.66999816894531
2022-07-19,102.70999908447266,98.76000213623047,102.19999694824219
2022-07-20,108.91999816894531,102.75,107.7300033569336
2022-07-21,108.5,104.41000366210938,108.13999938964844
2022-07-22,110.0999984741211,102.93000030517578,103.97000122070312
2022-07-25,105.26000213623047,101.47899627685547,104.94999694824219
2022-07-26,103.62999725341797,101.0999984741211,101.91000366210938
2022-07-27,107.98500061035156,104.05999755859375,107.36000061035156
2022-07-28,110.05999755859375,104.68000030517578,108.83999633789062
2022-07-29,111.16000366210938,107.11000061035156,110.9800033569336
2022-08-01,113.95999908447266,107.4800033569336,111.19999694824219
2022-08-02,117.77999877929688,111.0999984741211,116.33999633789062
2022-08-03,115.56999969482422,107.6500015258789,115.0199966430664
2022-08-04,119.23999786376953,114.25499725341797,119.22000122070312
2022-08-05,118.87000274658203,114.81999969482422,117.11000061035156
2022-08-08,119.63999938964844,115.43000030517578,115.81999969482422
2022-08-09,115.66999816894531,112.80000305175781,114.44000244140625
2022-08-10,120.33999633789062,116.30000305175781,118.7300033569336
2022-08-11,127.08999633789062,120.95999908447266,121.5
2022-08-12,125.0,121.12000274658203,124.51000213623047
2022-08-15,126.43499755859375,123.19999694824219,126.04000091552734
2022-08-16,125.41999816894531,122.62000274658203,124.18000030517578
2022-08-17,123.2699966430664,120.63999938964844,121.87000274658203
2022-08-18,122.19999694824219,120.27999877929688,121.2699966430664
2022-08-19,119.22000122070312,114.0999984741211,114.76000213623047
2022-08-22,114.22799682617188,109.97000122070312,111.38999938964844
2022-08-23,114.0199966430664,111.41000366210938,111.5999984741211
2022-08-24,115.56999969482422,110.83999633789062,114.51000213623047
2022-08-25,117.94999694824219,115.41999816894531,117.02999877929688
2022-08-26,118.2699966430664,112.77999877929688,112.81999969482422
2022-08-29,115.80000305175781,111.52999877929688,113.54000091552734
2022-08-30,116.0199966430664,110.44000244140625,112.55999755859375
2022-08-31,115.58000183105469,112.4000015258789,113.12000274658203
2022-09-01,114.08000183105469,108.16999816894531,113.4000015258789
2022-09-02,116.45999908447266,112.33000183105469,113.63999938964844
2022-09-06,114.5199966430664,110.5,113.69999694824219
2022-09-07,116.44000244140625,112.70999908447266,116.06999969482422
2022-09-08,119.34700012207031,114.0,118.58000183105469
2022-09-09,123.70999908447266,119.9000015258789,123.4800033569336
2022-09-12,127.23999786376953,123.78500366210938,124.79000091552734
2022-09-13,123.86000061035156,119.05000305175781,121.54000091552734
2022-09-14,127.0,119.51000213623047,126.80000305175781
2022-09-15,129.3800048828125,124.27999877929688,125.04000091552734
2022-09-16,122.26000213623047,117.58999633789062,118.75
2022-09-19,119.77999877929688,116.47000122070312,118.77999877929688
2022-09-20,121.66000366210938,116.62000274658203,116.70999908447266
2022-09-21,119.33000183105469,112.36000061035156,114.01000213623047
2022-09-22,113.72000122070312,103.26000213623047,103.72000122070312
2022-09-23,103.18000030517578,99.70999908447266,101.75
2022-09-26,105.36000061035156,101.55999755859375,103.2300033569336
2022-09-27,108.16999816894531,104.13999938964844,106.37000274658203
2022-09-28,111.12999725341797,105.77999877929688,110.69000244140625
2022-09-29,109.4749984741211,105.16999816894531,106.66000366210938
2022-09-30,109.08000183105469,104.7300033569336,105.04000091552734
2022-10-03,106.3499984741211,102.18000030517578,105.0
2022-10-04,111.61000061035156,108.68000030517578,110.80999755859375
2022-10-05,112.33999633789062,107.83999633789062,111.76000213623047
2022-10-06,114.41000366210938,110.19999694824219,111.58000183105469
2022-10-07,109.53199768066406,107.0999984741211,108.54000091552734
2022-10-10,111.62000274658203,107.41000366210938,110.98999786376953
2022-10-11,111.0,103.59500122070312,106.81999969482422
2022-10-12,112.9800033569336,106.11000061035156,112.3499984741211
2022-10-13,113.12999725341797,105.30000305175781,112.6500015258789
2022-10-14,116.447998046875,109.01000213623047,109.16000366210938
2022-10-17,116.76000213623047,111.02999877929688,116.5
2022-10-18,120.70999908447266,115.69999694824219,117.94000244140625
2022-10-19,118.83999633789062,115.30000305175781,116.87000274658203
2022-10-20,120.55999755859375,116.0,117.0
2022-10-21,120.33999633789062,114.63999938964844,119.94999694824219
2022-10-24,119.06999969482422,112.8239974975586,116.38999938964844
2022-10-25,119.37999725341797,112.62999725341797,118.44999694824219
2022-10-26,119.91000366210938,114.97000122070312,115.30999755859375
2022-10-27,116.37000274658203,111.92500305175781,112.05999755859375
2022-10-28,115.25,110.38999938964844,115.20999908447266
2022-10-31,113.80000305175781,106.66999816894531,106.91000366210938
2022-11-01,113.0999984741211,108.0,109.05000305175781
2022-11-02,104.9800033569336,94.25,94.41000366210938
2022-11-03,95.30999755859375,91.27200317382812,92.0199966430664
2022-11-04,96.16000366210938,92.01000213623047,96.08999633789062
2022-11-07,97.25,93.27999877929688,95.45999908447266
2022-11-08,101.91899871826172,94.2699966430664,98.9000015258789
2022-11-09,99.08999633789062,95.1500015258789,95.79000091552734
2022-11-10,102.5,99.04000091552734,102.4000015258789
2022-11-11,109.7699966430664,102.16000366210938,109.56999969482422
2022-11-14,108.69000244140625,105.04000091552734,105.16000366210938
2022-11-15,111.23500061035156,106.5999984741211,107.01000213623047
2022-11-16,107.69999694824219,104.37999725341797,104.43000030517578
2022-11-17,101.9800033569336,98.8499984741211,99.30000305175781
2022-11-18,100.83999633789062,96.5999984741211,97.7699966430664
2022-11-21,97.8499984741211,93.91999816894531,95.70999908447266
2022-11-22,95.37000274658203,92.9800033569336,95.27999877929688
2022-11-23,97.05000305175781,94.33999633789062,96.62999725341797
2022-11-25,98.83000183105469,96.76000213623047,97.66999816894531
2022-11-28,98.31999969482422,94.80999755859375,95.30000305175781
2022-11-29,97.26000213623047,95.30000305175781,95.37999725341797
2022-11-30,102.25,95.72000122070312,102.13999938964844
2022-12-01,102.76000213623047,99.55000305175781,101.2699966430664
2022-12-02,101.73999786376953,98.97000122070312,101.0
2022-12-05,101.16999816894531,98.04000091552734,98.51000213623047
2022-12-06,98.5,91.9000015258789,93.12000274658203
2022-12-07,91.66999816894531,86.87999725341797,91.5
2022-12-08,95.61000061035156,91.75,94.83000183105469
2022-12-09,96.66799926757812,93.23999786376953,94.69999694824219
2022-12-12,95.95999908447266,93.48999786376953,95.58000183105469
2022-12-13,100.6500015258789,93.12000274658203,93.33999633789062
2022-12-14,95.26000213623047,91.20999908447266,93.93000030517578
2022-12-15,92.70999908447266,89.5199966430664,90.61000061035156
2022-12-16,91.29000091552734,88.55999755859375,89.56999969482422
2022-12-19,89.76000213623047,85.4000015258789,85.93000030517578
2022-12-20,90.86000061035156,86.5199966430664,87.62000274658203
2022-12-21,88.79000091552734,86.58999633789062,87.06999969482422
2022-12-22,86.08999633789062,82.58000183105469,84.87000274658203
2022-12-23,85.51000213623047,83.5,85.25
2022-12-27,84.93000030517578,82.83000183105469,83.48999786376953
2022-12-28,84.25,81.91000366210938,82.48999786376953
2022-12-29,85.55999755859375,82.29000091552734,85.2300033569336
2022-12-30,86.05999755859375,83.5999984741211,85.5
2023-01-03,88.13999938964844,84.30000305175781,84.9000015258789
2023-01-04,88.83999633789062,84.79000091552734,88.72000122070312
2023-01-05,88.5,86.75,87.70999908447266
2023-01-06,88.73999786376953,85.70999908447266,88.5199966430664
2023-01-09,92.05000305175781,88.87999725341797,89.23999786376953
2023-01-10,89.62000274658203,86.75,88.54000091552734
2023-01-11,94.83000183105469,88.86399841308594,94.44000244140625
2023-01-12,98.94999694824219,94.0199966430664,98.48999786376953
2023-01-13,100.69999694824219,97.41999816894531,100.37000274658203
2023-01-17,102.73500061035156,99.0999984741211,101.2699966430664
2023-01-18,103.80000305175781,100.31999969482422,101.11000061035156
2023-01-19,100.5199966430664,97.56999969482422,99.0999984741211
2023-01-20,101.37000274658203,98.11100006103516,101.27999877929688
2023-01-23,105.37999725341797,101.3499984741211,105.22000122070312
2023-01-24,106.38999938964844,103.81999969482422,104.12999725341797
2023-01-25,104.67500305175781,99.84100341796875,104.44000244140625
2023-01-26,109.48999786376953,105.67500305175781,109.41999816894531
2023-01-27,117.12000274658203,108.73500061035156,115.94000244140625
2023-01-30,115.08000183105469,109.2750015258789,109.4800033569336
2023-01-31,111.2300033569336,108.81999969482422,111.11000061035156
2023-02-01,114.88999938964844,109.83000183105469,113.98999786376953
2023-02-02,119.8499984741211,116.23999786376953,118.5199966430664
2023-02-03,121.4000015258789,115.8499984741211,118.69999694824219
2023-02-06,119.33399963378906,116.80999755859375,118.3499984741211
2023-02-07,120.20999908447266,115.13800048828125,119.69000244140625
2023-02-08,119.80999755859375,115.56999969482422,116.36000061035156
2023-02-09,119.27999877929688,114.5199966430664,114.94000244140625
2023-02-10,113.36000061035156,106.53800201416016,108.87000274658203
2023-02-13,116.9000015258789,109.80999755859375,116.41999816894531
2023-02-14,121.31999969482422,115.19999694824219,120.87000274658203
2023-02-15,138.75,129.85000610351562,137.00999450683594
2023-02-16,144.6300048828125,134.72999572753906,139.4199981689453
2023-02-17,138.39999389648438,130.72999572753906,131.60000610351562
2023-02-21,132.85000610351562,128.14500427246094,128.77999877929688
2023-02-22,128.8800048828125,124.55000305175781,127.20999908447266
2023-02-23,128.85000610351562,121.91999816894531,125.5199966430664
2023-02-24,124.8499984741211,120.19100189208984,122.77999877929688
2023-02-27,125.05999755859375,122.7300033569336,123.52999877929688
2023-02-28,126.38400268554688,123.02999877929688,123.27999877929688
2023-03-01,123.30000305175781,120.38999938964844,120.83000183105469
2023-03-02,123.26000213623047,119.36000061035156,122.37999725341797
2023-03-03,125.87000274658203,122.69999694824219,125.7300033569336
2023-03-06,129.44000244140625,125.27999877929688,126.33000183105469
2023-03-07,130.85000610351562,125.5,126.94000244140625
2023-03-08,127.66000366210938,124.73999786376953,125.0
2023-03-09,125.19999694824219,119.70999908447266,119.83999633789062
2023-03-10,121.44000244140625,115.8499984741211,118.30000305175781
2023-03-13,117.9000015258789,113.66000366210938,115.95999908447266
2023-03-14,119.0999984741211,114.91000366210938,116.36000061035156
2023-03-15,114.31999969482422,111.51000213623047,113.58000183105469
2023-03-16,120.05999755859375,113.51000213623047,119.98999786376953
2023-03-17,119.95999908447266,116.55000305175781,118.1500015258789
2023-03-20,119.0199966430664,116.625,118.4000015258789
2023-03-21,124.43000030517578,119.8499984741211,123.69000244140625
2023-03-22,125.43000030517578,121.0,121.16999816894531
2023-03-23,124.66000366210938,118.33000183105469,120.30000305175781
2023-03-24,119.69999694824219,115.38999938964844,116.91999816894531
2023-03-27,119.27400207519531,116.73999786376953,117.91000366210938
2023-03-28,118.30999755859375,116.01499938964844,116.61000061035156
2023-03-29,119.19000244140625,117.1510009765625,118.80000305175781
2023-03-30,122.6500015258789,120.11000061035156,122.27999877929688
2023-03-31,125.94000244140625,122.80000305175781,124.4000015258789
2023-04-03,123.08999633789062,119.71099853515625,121.45999908447266
2023-04-04,122.05999755859375,118.20999908447266,118.45999908447266
2023-04-05,117.87000274658203,111.48999786376953,115.33999633789062
2023-04-06,113.41500091552734,107.66000366210938,109.69000244140625
2023-04-10,112.62999725341797,108.4000015258789,112.5999984741211
2023-04-11,114.80000305175781,112.58999633789062,114.25
2023-04-12,115.83999633789062,111.4000015258789,112.41999816894531
2023-04-13,114.4000015258789,112.80999755859375,113.94999694824219
2023-04-14,115.12000274658203,113.0199966430664,114.6500015258789
2023-04-17,116.18000030517578,114.58999633789062,116.16999816894531
2023-04-18,121.31999969482422,118.0999984741211,119.19000244140625
2023-04-19,120.37000274658203,117.63999938964844,120.0999984741211
2023-04-20,119.69999694824219,117.81999969482422,118.4000015258789
2023-04-21,115.75,112.0199966430664,115.5
2023-04-24,116.4000015258789,114.51000213623047,116.12000274658203
2023-04-25,115.43000030517578,112.47000122070312,112.50499725341797
2023-04-26,114.5999984741211,113.19999694824219,113.68000030517578
2023-04-27,115.8499984741211,112.28700256347656,115.25
2023-04-28,120.47000122070312,113.0,119.66999816894531
2023-05-01,122.6500015258789,118.9800033569336,121.41999816894531
2023-05-02,121.69999694824219,117.94000244140625,120.58000183105469
2023-05-03,121.19000244140625,117.97000122070312,118.86000061035156
2023-05-04,119.16999816894531,116.18000030517578,117.62999725341797
2023-05-05,120.30000305175781,116.93000030517578,119.9000015258789
2023-05-08,127.55500030517578,122.9800033569336,125.6500015258789
2023-05-09,128.9600067138672,125.01000213623047,127.06999969482422
2023-05-10,115.51000213623047,109.37000274658203,113.19000244140625
2023-05-11,114.45999908447266,111.04000091552734,111.19999694824219
2023-05-12,111.55999755859375,104.20999908447266,105.2750015258789
2023-05-15,106.1500015258789,103.55000305175781,105.77999877929688
2023-05-16,107.58000183105469,104.30000305175781,105.41000366210938
2023-05-17,109.93000030517578,104.94000244140625,108.33000183105469
2023-05-18,112.33999633789062,108.33999633789062,111.87000274658203
2023-05-19,110.81999969482422,106.6449966430664,107.37999725341797
2023-05-22,110.7300033569336,106.19999694824219,109.93000030517578
2023-05-23,109.70600128173828,105.66999816894531,106.25
2023-05-24,106.58999633789062,103.81999969482422,105.70999908447266
2023-05-25,106.5199966430664,103.73999786376953,104.41999816894531
2023-05-26,107.61499786376953,104.98999786376953,106.80999755859375
2023-05-30,108.78900146484375,106.0199966430664,107.19000244140625
2023-05-31,110.09500122070312,103.73999786376953,109.7699966430664
2023-06-01,113.54000091552734,109.11000061035156,112.16000366210938
2023-06-02,118.44999694824219,112.93000030517578,118.05999755859375
2023-06-05,116.59500122070312,112.31500244140625,115.69000244140625
2023-06-06,119.08999633789062,115.41000366210938,117.30000305175781
2023-06-07,120.16000366210938,115.91999816894531,116.55000305175781
2023-06-08,116.33000183105469,113.58000183105469,115.5
2023-06-09,122.73999786376953,117.44999694824219,117.86000061035156
2023-06-12,125.0,118.87999725341797,124.58999633789062
2023-06-13,125.73999786376953,123.22000122070312,124.9000015258789
2023-06-14,126.38600158691406,122.76499938964844,125.13999938964844
2023-06-15,128.3800048828125,122.75,127.8499984741211
2023-06-16,129.1999969482422,126.79000091552734,128.67999267578125
2023-06-20,127.62999725341797,124.3949966430664,126.44999694824219
2023-06-21,129.25999450683594,125.08999633789062,127.45999908447266
2023-06-22,128.6199951171875,125.3499984741211,127.95999908447266
2023-06-23,126.80000305175781,124.0,124.7300033569336
2023-06-26,126.69999694824219,122.80000305175781,123.12999725341797
2023-06-27,128.1699981689453,123.31999969482422,127.88999938964844
2023-06-28,131.8800048828125,126.16999816894531,127.62999725341797
2023-06-29,128.0,123.41999816894531,125.0999984741211
2023-06-30,131.13999938964844,127.0199966430664,128.16000366210938
2023-07-03,134.27000427246094,129.22999572753906,132.35000610351562
2023-07-05,132.9499969482422,130.53500366210938,131.69000244140625
2023-07-06,129.322998046875,126.05999755859375,128.16000366210938
2023-07-07,131.6199951171875,128.05999755859375,130.32000732421875
2023-07-10,133.33900451660156,129.61000061035156,131.7100067138672
2023-07-11,138.08999633789062,128.77000427246094,137.5399932861328
2023-07-12,140.32000732421875,135.52000427246094,137.02000427246094
2023-07-13,140.60000610351562,137.3000030517578,140.08999633789062
2023-07-14,143.57000732421875,139.69000244140625,143.33999633789062
2023-07-17,147.39999389648438,142.2899932861328,145.36000061035156
2023-07-18,147.5399932861328,143.75,146.52999877929688
2023-07-19,147.6750030517578,144.19000244140625,145.53500366210938
2023-07-20,146.27000427246094,143.5,145.27999877929688
2023-07-21,149.99000549316406,146.91000366210938,148.77000427246094
2023-07-24,148.2899932861328,144.17999267578125,147.6199951171875
2023-07-25,150.77999877929688,147.4600067138672,148.64999389648438
2023-07-26,150.27000427246094,147.08999633789062,150.1699981689453
2023-07-27,153.1750030517578,147.55499267578125,148.5
2023-07-28,154.49000549316406,150.2100067138672,153.3300018310547
2023-07-31,154.9499969482422,151.5500030517578,152.19000244140625
2023-08-01,150.4199981689453,148.02999877929688,148.91000366210938
2023-08-02,147.11500549316406,143.19000244140625,144.55999755859375
2023-08-03,143.10299682617188,139.75,140.8800048828125
2023-08-04,145.32000732421875,137.6199951171875,140.1699981689453
2023-08-07,144.0,138.7899932861328,143.1999969482422
2023-08-08,140.52000427246094,137.02999877929688,139.5500030517578
2023-08-09,140.5500030517578,137.3300018310547,137.8699951171875
2023-08-10,140.97000122070312,135.64999389648438,135.97000122070312
2023-08-11,134.25999450683594,131.6999969482422,133.67999267578125
2023-08-14,133.7899932861328,131.74000549316406,133.24000549316406
2023-08-15,132.80999755859375,129.72999572753906,129.85000610351562
2023-08-16,130.14999389648438,128.39999389648438,128.8300018310547
2023-08-17,129.60000610351562,127.37100219726562,127.98999786376953
2023-08-18,126.08000183105469,123.37999725341797,125.05999755859375
2023-08-21,126.54000091552734,123.48999786376953,124.0
2023-08-22,127.23999786376953,124.0009994506836,127.08000183105469
2023-08-23,129.18499755859375,126.4000015258789,128.1300048828125
2023-08-24,128.83999633789062,124.63999938964844,124.72000122070312
2023-08-25,126.5999984741211,124.19000244140625,125.79000091552734
2023-08-28,127.0,124.94999694824219,126.15499877929688
2023-08-29,132.8800048828125,126.0,132.25
2023-08-30,132.4499969482422,129.30999755859375,130.61000061035156
2023-08-31,132.44000244140625,129.80999755859375,131.5500030517578
2023-09-01,134.5,131.3300018310547,132.69000244140625
2023-09-05,144.25999450683594,139.8000030517578,142.2899932861328
2023-09-06,143.22000122070312,140.26600646972656,141.77000427246094
2023-09-07,144.25,139.00999450683594,143.27000427246094
2023-09-08,146.85000610351562,143.17999267578125,145.82000732421875
2023-09-11,148.25,144.86000061035156,147.3300018310547
2023-09-12,151.15499877929688,146.82000732421875,147.5
2023-09-13,147.0,143.60499572753906,144.71499633789062
2023-09-14,145.72000122070312,141.69000244140625,144.1199951171875
2023-09-15,144.9499969482422,142.10000610351562,142.75
2023-09-18,144.39999389648438,141.19000244140625,142.5500030517578
2023-09-19,142.57000732421875,139.77000427246094,141.85000610351562
2023-09-20,143.27000427246094,137.9499969482422,138.00999450683594
2023-09-21,135.97999572753906,132.38999938964844,132.75
2023-09-22,134.1840057373047,131.1199951171875,132.1999969482422
2023-09-25,134.25,130.8000030517578,134.13999938964844
2023-09-26,133.94000244140625,131.1699981689453,132.27999877929688
2023-09-27,134.89999389648438,131.22000122070312,134.02999877929688
2023-09-28,138.22999572753906,132.8800048828125,136.47000122070312
2023-09-29,141.0749969482422,136.36000061035156,137.2100067138672
2023-10-02,138.0,135.36000061035156,136.55999755859375
2023-10-03,133.41000366210938,126.48999786376953,127.7300033569336
2023-10-04,130.22000122070312,127.29499816894531,127.41000366210938
2023-10-05,126.62000274658203,121.66999816894531,124.98999786376953
2023-10-06,127.4000015258789,122.0199966430664,126.36000061035156
2023-10-09,127.91999816894531,121.80999755859375,127.7699966430664
2023-10-10,132.77999877929688,126.94999694824219,131.58999633789062
2023-10-11,132.69000244140625,128.52000427246094,130.0
2023-10-12,130.41000366210938,124.81999969482422,125.97000122070312
2023-10-13,129.83999633789062,123.55000305175781,124.08000183105469
2023-10-16,126.76000213623047,124.18599700927734,125.19000244140625
2023-10-17,126.77999877929688,122.66000366210938,125.70999908447266
2023-10-18,124.3499984741211,121.72000122070312,122.16999816894531
2023-10-19,123.4800033569336,119.33000183105469,119.97000122070312
2023-10-20,119.91999816894531,116.08000183105469,116.48999786376953
2023-10-23,122.5250015258789,115.55000305175781,120.38999938964844
2023-10-24,123.16999816894531,120.56999969482422,122.01000213623047
2023-10-25,120.75,118.31999969482422,118.5
2023-10-26,119.5479965209961,114.4000015258789,115.47000122070312
2023-10-27,116.74500274658203,113.23500061035156,114.08999633789062
2023-10-30,118.58999633789062,115.3499984741211,116.94999694824219
2023-10-31,118.69000244140625,114.91000366210938,118.29000091552734
2023-11-01,119.88999938964844,116.66000366210938,119.47000122070312
2023-11-02,122.73999786376953,114.0999984741211,115.5
2023-11-03,123.44999694824219,117.37999725341797,122.63999938964844
2023-11-06,123.93000030517578,116.8499984741211,118.16999816894531
2023-11-07,122.18000030517578,118.0999984741211,121.08000183105469
2023-11-08,121.19999694824219,116.17900085449219,117.66000366210938
2023-11-09,119.52999877929688,115.19999694824219,115.5199966430664
2023-11-10,118.54000091552734,114.16999816894531,118.1500015258789
2023-11-13,119.86000061035156,117.4010009765625,119.1500015258789
2023-11-14,127.12000274658203,121.51000213623047,126.68000030517578
2023-11-15,131.6199951171875,127.06099700927734,128.35000610351562
2023-11-16,128.39999389648438,125.30999755859375,126.27999877929688
2023-11-17,127.97000122070312,125.44999694824219,127.1500015258789
2023-11-20,130.9499969482422,127.01000213623047,129.6999969482422
2023-11-21,128.0500030517578,124.93000030517578,126.81999969482422
2023-11-22,130.5800018310547,127.70999908447266,129.0399932861328
2023-11-24,129.58999633789062,127.77999877929688,128.3699951171875
2023-11-27,129.55999755859375,125.8499984741211,129.0
2023-11-28,129.5399932861328,125.8499984741211,127.55999755859375
2023-11-29,129.58299255371094,126.05999755859375,126.4800033569336
2023-11-30,128.1300048828125,125.08499908447266,126.33999633789062
2023-12-01,135.4199981689453,125.4000015258789,135.02000427246094
2023-12-04,136.75,132.72000122070312,133.6999969482422
2023-12-05,135.7050018310547,132.66000366210938,133.7100067138672
2023-12-06,138.47999572753906,135.13999938964844,135.30999755859375
2023-12-07,141.16000366210938,135.42999267578125,139.83999633789062
2023-12-08,141.5399932861328,137.8000030517578,140.67999267578125
2023-12-11,144.5,140.85000610351562,142.91000366210938
2023-12-12,141.05999755859375,137.5800018310547,140.5500030517578
2023-12-13,144.94000244140625,140.33999633789062,144.50999450683594
2023-12-14,149.9199981689453,144.97999572753906,147.25999450683594
2023-12-15,148.72999572753906,145.86000061035156,146.60000610351562
2023-12-18,148.4600067138672,146.1199951171875,147.5
2023-12-19,148.61000061035156,146.67999267578125,146.91000366210938
2023-12-20,146.5,140.64999389648438,141.07000732421875
2023-12-21,143.49000549316406,140.30999755859375,142.08999633789062
2023-12-22,142.50999450683594,139.72999572753906,140.8000030517578
2023-12-26,141.0,137.77000427246094,138.72000122070312
2023-12-27,139.13499450683594,136.0500030517578,136.5500030517578
2023-12-28,137.19000244140625,135.69500732421875,137.0
2023-12-29,137.8699951171875,135.42999267578125,136.13999938964844
2024-01-02,135.60000610351562,133.33999633789062,134.47999572753906
2024-01-03,134.5399932861328,130.82000732421875,133.4199981689453
2024-01-04,137.03399658203125,132.5,133.72000122070312
2024-01-05,136.64999389648438,133.89500427246094,135.97999572753906
2024-01-08,140.25,136.61000061035156,140.0800018310547
2024-01-09,139.5399932861328,137.7899932861328,139.52999877929688
2024-01-10,140.8249969482422,138.6999969482422,139.75999450683594
2024-01-11,141.1999969482422,137.5500030517578,139.4499969482422
2024-01-12,140.99000549316406,137.1300048828125,137.13999938964844
2024-01-16,136.0,133.6699981689453,135.02000427246094
2024-01-17,135.08999633789062,131.10000610351562,134.97999572753906
2024-01-18,139.53500366210938,135.22500610351562,137.0399932861328
2024-01-19,140.28500366210938,136.32000732421875,139.92999267578125
2024-01-22,144.0500030517578,140.89999389648438,142.00999450683594
2024-01-23,143.92999267578125,140.52000427246094,142.3000030517578
2024-01-24,144.10000610351562,139.5800018310547,141.19000244140625
2024-01-25,143.2899932861328,140.3679962158203,142.11000061035156
2024-01-26,151.52999877929688,141.49000549316406,149.6199951171875
2024-01-29,153.3800048828125,148.5399932861328,152.6999969482422
2024-01-30,151.02999877929688,148.67999267578125,149.44000244140625
2024-01-31,148.74000549316406,143.9199981689453,144.13999938964844
2024-02-01,146.85000610351562,143.64999389648438,146.49000549316406
2024-02-02,148.0800018310547,141.24000549316406,146.5500030517578
2024-02-05,146.39999389648438,142.67999267578125,144.77999877929688
2024-02-06,145.1300048828125,142.95199584960938,144.52999877929688
2024-02-07,148.77000427246094,143.86000061035156,147.5500030517578
2024-02-08,150.6699981689453,148.05999755859375,150.5399932861328
2024-02-09,148.67999267578125,145.17999267578125,147.59500122070312
2024-02-12,157.34500122070312,148.33999633789062,153.8000030517578
2024-02-13,153.02000427246094,148.5800018310547,150.82000732421875
2024-02-14,149.52999877929688,142.57000732421875,148.1999969482422
2024-02-15,158.27000427246094,148.75,157.69000244140625
2024-02-16,156.10000610351562,151.77999877929688,152.50999450683594
2024-02-20,150.67999267578125,145.8800048828125,148.14999389648438
2024-02-21,149.25999450683594,145.39599609375,149.24000549316406
2024-02-22,155.6999969482422,150.26499938964844,155.25999450683594
2024-02-23,155.3000030517578,150.8249969482422,152.66000366210938
2024-02-26,150.17999267578125,148.55999755859375,149.27000427246094
2024-02-27,152.47000122070312,149.22999572753906,152.05999755859375
2024-02-28,154.89999389648438,151.7899932861328,153.42999267578125
2024-02-29,160.0,153.22000122070312,157.47000122070312
2024-03-01,160.97999572753906,156.81100463867188,159.72000122070312
2024-03-04,163.01499938964844,157.92999267578125,158.08999633789062
2024-03-05,159.97999572753906,156.13999938964844,159.3300018310547
2024-03-06,164.58999633789062,160.07000732421875,163.8699951171875
2024-03-07,165.38499450683594,162.24000549316406,163.5399932861328
2024-03-08,168.19000244140625,163.47999572753906,164.91000366210938
2024-03-11,164.25999450683594,161.97500610351562,162.99000549316406
2024-03-12,167.0,162.72999572753906,166.6699981689453
2024-03-13,168.0,160.69000244140625,164.75999450683594
2024-03-14,166.72000122070312,162.72000122070312,166.44000244140625
2024-03-15,166.5229949951172,160.16000366210938,160.63999938964844
2024-03-18,162.8699951171875,160.60000610351562,161.86000061035156
2024-03-19,164.10000610351562,161.05499267578125,161.7899932861328
2024-03-20,165.75,162.26499938964844,164.7100067138672
2024-03-21,170.10000610351562,165.0,168.17999267578125
2024-03-22,168.8000030517578,166.63999938964844,167.86000061035156
2024-03-25,169.0800018310547,166.27999877929688,167.99000549316406
2024-03-26,170.0,167.32000732421875,167.38999938964844
2024-03-27,169.11000061035156,165.5,166.41000366210938
2024-03-28,167.3800048828125,164.58999633789062,164.9600067138672
2024-04-01,166.72000122070312,162.75,163.3699951171875
2024-04-02,160.97999572753906,158.67999267578125,160.11000061035156
2024-04-03,161.3300018310547,158.5800018310547,159.33999633789062
2024-04-04,163.64999389648438,158.52000427246094,158.83999633789062
2024-04-05,162.7100067138672,158.89999389648438,161.77000427246094
2024-04-08,161.17999267578125,159.2899932861328,160.27000427246094
2024-04-09,163.2050018310547,159.91000366210938,162.66000366210938
2024-04-10,160.9600067138672,158.6300048828125,160.27999877929688
2024-04-11,166.22000122070312,158.89999389648438,165.4199981689453
2024-04-12,162.71200561523438,158.77999877929688,159.3699951171875
2024-04-15,162.89999389648438,154.41000366210938,155.60000610351562
2024-04-16,158.94000244140625,155.3000030517578,156.66000366210938
2024-04-17,159.6999969482422,156.41000366210938,158.3699951171875
2024-04-18,162.94000244140625,159.2100067138672,160.10000610351562
2024-04-19,160.3350067138672,154.55999755859375,155.00999450683594
2024-04-22,157.25,153.76499938964844,156.61000061035156
2024-04-23,161.13999938964844,156.6999969482422,160.9499969482422
2024-04-24,166.7449951171875,161.08999633789062,162.83999633789062
2024-04-25,163.72999572753906,159.5,163.00999450683594
2024-04-26,165.16000366210938,162.77000427246094,164.22999572753906
2024-04-29,165.5,161.27999877929688,162.25
2024-04-30,162.08999633789062,158.52000427246094,158.57000732421875
2024-05-01,160.9499969482422,156.0,156.16000366210938
2024-05-02,158.39999389648438,153.1999969482422,158.3300018310547
2024-05-03,165.5,159.14999389648438,159.7100067138672
2024-05-06,162.41000366210938,160.1699981689453,162.0
2024-05-07,162.8800048828125,159.75,159.80999755859375
2024-05-08,158.6199951171875,155.83999633789062,157.89999389648438
2024-05-09,150.0050048828125,145.57000732421875,147.0500030517578
2024-05-10,148.1199951171875,144.6300048828125,146.32000732421875
2024-05-13,149.24000549316406,145.6999969482422,149.1300048828125
2024-05-14,149.39999389648438,146.30999755859375,146.6999969482422
2024-05-15,147.69000244140625,144.75,145.8000030517578
2024-05-16,147.7899932861328,145.85000610351562,147.19000244140625
2024-05-17,147.4949951171875,145.30499267578125,145.66000366210938
2024-05-20,146.47999572753906,145.2100067138672,146.3699951171875
2024-05-21,145.7100067138672,144.08999633789062,144.10000610351562
2024-05-22,144.2100067138672,142.36000061035156,142.7100067138672
2024-05-23,143.44000244140625,140.82000732421875,141.0399932861328
2024-05-24,145.97000122070312,142.3000030517578,144.47000122070312
2024-05-28,147.8699951171875,145.11000061035156,147.00999450683594
2024-05-29,147.1300048828125,144.73399353027344,146.61000061035156
2024-05-30,147.58999633789062,144.41000366210938,145.52000427246094
2024-05-31,146.42999267578125,142.57000732421875,144.92999267578125
2024-06-03,146.9600067138672,144.36000061035156,146.25
2024-06-04,147.9199981689453,145.44000244140625,147.0800018310547
2024-06-05,148.6999969482422,145.14100646972656,145.77999877929688
2024-06-06,148.7899932861328,145.15499877929688,147.0
2024-06-07,147.02999877929688,145.3800048828125,146.66000366210938
2024-06-10,148.32000732421875,146.0,148.07000732421875
2024-06-11,148.7949981689453,146.47999572753906,147.75
2024-06-12,150.2899932861328,148.62100219726562,149.32000732421875
2024-06-13,149.0,143.72999572753906,146.10000610351562
2024-06-14,146.0500030517578,144.27999877929688,145.97000122070312
2024-06-17,150.1199951171875,146.77499389648438,149.5
2024-06-18,150.5489959716797,146.89999389648438,147.2899932861328
2024-06-20,149.75,147.60000610351562,147.8800048828125
2024-06-21,150.0,147.25,149.57000732421875
2024-06-24,150.0399932861328,146.7100067138672,148.38999938964844
2024-06-25,151.27499389648438,148.85000610351562,150.91000366210938
2024-06-26,150.38499450683594,149.3699951171875,150.0
2024-06-27,151.8800048828125,149.38999938964844,151.61000061035156
2024-06-28,152.92999267578125,150.67999267578125,151.6300048828125
2024-07-01,152.1999969482422,149.13999938964844,151.6300048828125
2024-07-02,155.2100067138672,151.2899932861328,154.33999633789062
2024-07-03,154.42999267578125,152.3000030517578,152.72999572753906
2024-07-05,152.8800048828125,151.44000244140625,152.5
2024-07-08,154.1999969482422,150.7550048828125,151.9600067138672
2024-07-09,155.66000366210938,151.96499633789062,152.4499969482422
2024-07-10,153.1999969482422,150.08999633789062,151.83999633789062
2024-07-11,152.0,144.1300048828125,146.0
2024-07-12,148.0,146.19000244140625,146.77999877929688
2024-07-15,148.47000122070312,144.75,147.22000122070312
2024-07-16,151.63999938964844,147.8800048828125,151.25999450683594
2024-07-17,150.10000610351562,147.25999450683594,148.0
2024-07-18,150.14500427246094,146.75,146.8800048828125
2024-07-19,149.16000366210938,147.02999877929688,147.99000549316406
2024-07-22,150.3699951171875,146.5500030517578,150.17999267578125
2024-07-23,151.25,147.8300018310547,148.75
2024-07-24,147.11000061035156,142.97999572753906,144.22999572753906
2024-07-25,141.94500732421875,137.5800018310547,140.02999877929688
2024-07-26,141.91000366210938,139.02999877929688,140.10000610351562
2024-07-29,142.42999267578125,140.0,140.2899932861328
2024-07-30,140.99000549316406,137.89999389648438,138.99000549316406
2024-07-31,141.22000122070312,139.10000610351562,139.55999755859375
2024-08-01,139.77999877929688,132.89999389648438,135.08999633789062
2024-08-02,129.60000610351562,126.5,128.22999572753906
2024-08-05,125.94999694824219,122.05999755859375,125.30999755859375
2024-08-06,131.4499969482422,126.30000305175781,130.47000122070312
2024-08-07,115.55000305175781,110.37999725341797,113.01000213623047
2024-08-08,116.43000030517578,112.41999816894531,114.63999938964844
2024-08-09,116.26000213623047,112.5999984741211,115.08000183105469
2024-08-12,115.5,113.2699966430664,113.62000274658203
2024-08-13,117.7699966430664,114.05000305175781,116.9000015258789
2024-08-14,118.73999786376953,116.18000030517578,116.23999786376953
2024-08-15,119.13300323486328,116.37000274658203,118.87999725341797
2024-08-16,118.80000305175781,116.22000122070312,116.30999755859375
2024-08-19,119.30000305175781,116.44000244140625,119.13999938964844
2024-08-20,119.27999877929688,117.17500305175781,117.37999725341797
2024-08-21,118.2699966430664,116.69999694824219,117.68000030517578
2024-08-22,118.3949966430664,115.30000305175781,115.44999694824219
2024-08-23,118.69999694824219,116.37000274658203,116.8499984741211
2024-08-26,117.38999938964844,115.3499984741211,115.70999908447266
2024-08-27,117.41999816894531,115.16999816894531,116.73999786376953
2024-08-28,117.7300033569336,115.76000213623047,117.52999877929688
2024-08-29,119.37999725341797,116.41999816894531,116.5999984741211
2024-08-30,118.05000305175781,116.29000091552734,117.30999755859375
2024-09-03,117.83499908447266,114.12999725341797,114.9800033569336
2024-09-04,115.98999786376953,114.19000244140625,115.20999908447266
2024-09-05,116.44999694824219,114.5999984741211,116.16000366210938
2024-09-06,117.26000213623047,113.23999786376953,114.27999877929688
2024-09-09,117.91999816894531,114.98500061035156,116.36000061035156
2024-09-10,117.40599822998047,112.86000061035156,115.12000274658203
2024-09-11,116.16999816894531,112.55000305175781,115.95999908447266
2024-09-12,117.37999725341797,115.05000305175781,117.36000061035156
2024-09-13,119.20999908447266,117.1500015258789,117.75
2024-09-16,118.30000305175781,116.16000366210938,117.55000305175781
2024-09-17,124.73999786376953,119.48500061035156,122.12000274658203
2024-09-18,125.66000366210938,122.0,122.41999816894531
2024-09-19,131.35000610351562,127.44000244140625,128.75
2024-09-20,131.9499969482422,129.02999877929688,131.17999267578125
2024-09-23,131.63999938964844,128.89999389648438,129.02999877929688
2024-09-24,131.6699981689453,129.58999633789062,131.47999572753906
2024-09-25,131.89999389648438,130.3000030517578,130.7100067138672
2024-09-26,133.33999633789062,129.14599609375,129.25
2024-09-27,130.30999755859375,128.1699981689453,128.25
2024-09-30,128.22999572753906,125.91999816894531,126.80999755859375
2024-10-01,128.1999969482422,123.70999908447266,125.47000122070312
2024-10-02,126.44000244140625,124.55000305175781,126.18000030517578
2024-10-03,125.55500030517578,123.58000183105469,125.29000091552734
2024-10-04,129.92999267578125,127.2699966430664,129.85000610351562
2024-10-07,131.30999755859375,128.77000427246094,130.22999572753906
2024-10-08,134.42999267578125,130.14999389648438,132.5
2024-10-09,135.75999450683594,132.83999633789062,135.49000549316406
2024-10-10,136.3699951171875,132.52000427246094,132.80999755859375
2024-10-11,135.35499572753906,132.3000030517578,134.39999389648438
2024-10-14,134.97999572753906,133.4199981689453,134.7899932861328
2024-10-15,134.0,132.3000030517578,133.27000427246094
2024-10-16,137.39500427246094,134.32000732421875,135.14999389648438
2024-10-17,136.64999389648438,135.11000061035156,136.02000427246094
2024-10-18,136.88999938964844,135.16000366210938,136.4499969482422
2024-10-21,137.99000549316406,135.1300048828125,137.19000244140625
2024-10-22,136.35000610351562,135.33200073242188,135.58999633789062
2024-10-23,136.1999969482422,131.27000427246094,131.9199981689453
2024-10-24,133.75,131.66000366210938,132.75
2024-10-25,135.27999877929688,133.1699981689453,134.5800018310547
2024-10-28,137.3000030517578,135.39999389648438,135.77999877929688
2024-10-29,138.35000610351562,135.24400329589844,137.77999877929688
2024-10-30,138.66000366210938,136.30999755859375,136.5
2024-10-31,138.05999755859375,134.25999450683594,134.7899932861328
2024-11-01,136.8800048828125,133.80499267578125,136.4600067138672
2024-11-04,137.5500030517578,135.4499969482422,136.8699951171875
2024-11-05,140.8699951171875,137.07000732421875,137.82000732421875
2024-11-06,142.9499969482422,139.41000366210938,140.91000366210938
2024-11-07,148.63999938964844,141.6999969482422,147.3699951171875
2024-11-08,137.7100067138672,132.75999450683594,134.61000061035156
2024-11-11,139.16000366210938,135.1199951171875,137.39999389648438
2024-11-12,136.1199951171875,133.1300048828125,133.1999969482422
2024-11-13,135.1300048828125,131.33099365234375,132.75999450683594
2024-11-14,136.66000366210938,133.14999389648438,134.55999755859375
2024-11-15,134.52999877929688,131.30999755859375,132.5
2024-11-18,133.4499969482422,131.5800018310547,132.19000244140625
2024-11-19,131.9600067138672,129.8699951171875,131.44000244140625
2024-11-20,135.3800048828125,130.22000122070312,135.25
2024-11-21,134.9499969482422,132.5800018310547,133.25999450683594
2024-11-22,140.75999450683594,133.3000030517578,137.33999633789062
2024-11-25,141.0,137.75,140.92999267578125
2024-11-26,141.75,139.17999267578125,139.6699981689453
2024-11-27,140.41000366210938,137.67999267578125,138.27999877929688
2024-11-29,139.52999877929688,135.83299255371094,136.11000061035156
2024-12-02,137.60000610351562,135.69000244140625,137.49000549316406
2024-12-03,138.3699951171875,135.37600708007812,137.4600067138672
2024-12-04,139.14999389648438,134.85000610351562,139.07000732421875
2024-12-05,140.3800048828125,135.50999450683594,136.32000732421875
2024-12-06,138.86000061035156,136.55999755859375,136.9199981689453
2024-12-09,138.97000122070312,136.58999633789062,137.27000427246094
2024-12-10,139.88999938964844,136.6199951171875,138.3000030517578
2024-12-11,140.1699981689453,137.2100067138672,138.83999633789062
2024-12-12,139.10000610351562,134.39999389648438,137.47000122070312
2024-12-13,137.0189971923828,130.75,130.9499969482422
2024-12-16,133.27999877929688,129.1699981689453,132.1999969482422
2024-12-17,132.61000061035156,130.8800048828125,132.24000549316406
2024-12-18,133.7100067138672,127.2300033569336,127.54000091552734
2024-12-19,131.0800018310547,127.91000366210938,129.35000610351562
2024-12-20,135.82000732421875,128.33999633789062,134.2100067138672
2024-12-23,135.5800018310547,132.2100067138672,134.52000427246094
2024-12-24,135.07000732421875,132.8300018310547,134.99000549316406
2024-12-26,136.27000427246094,134.24000549316406,135.32000732421875
2024-12-27,134.5,132.16000366210938,133.38499450683594
2024-12-30,132.61000061035156,129.85000610351562,131.80999755859375
2024-12-31,133.19000244140625,131.27000427246094,131.41000366210938
2025-01-02,134.22999572753906,130.41000366210938,131.47999572753906
2025-01-03,136.36000061035156,131.94000244140625,135.7100067138672
2025-01-06,138.10000610351562,134.5800018310547,135.1999969482422
2025-01-07,136.76499938964844,130.80999755859375,131.2899932861328
2025-01-08,131.6300048828125,130.10000610351562,130.8000030517578
2025-01-10,133.0500030517578,128.8000030517578,129.6300048828125
2025-01-13,130.1300048828125,128.08299255371094,128.85000610351562
2025-01-14,131.10000610351562,127.16999816894531,127.5999984741211
2025-01-15,133.14999389648438,130.16000366210938,132.52000427246094
2025-01-16,132.9499969482422,129.82000732421875,132.16000366210938
2025-01-17,135.6199951171875,132.69000244140625,135.1199951171875
2025-01-21,135.63999938964844,131.24000549316406,133.07000732421875
2025-01-22,135.0,132.33999633789062,132.5
2025-01-23,133.63999938964844,131.77499389648438,133.24000549316406
2025-01-24,132.72000122070312,126.72000122070312,127.08999633789062
2025-01-27,129.05999755859375,125.63999938964844,128.9600067138672
2025-01-28,131.4199981689453,126.86000061035156,131.0500030517578
2025-01-29,134.0500030517578,130.88999938964844,132.5800018310547
2025-01-30,134.37100219726562,130.85000610351562,131.7899932861328
2025-01-31,134.4499969482422,130.57000732421875,131.1699981689453
2025-02-03,130.9550018310547,127.51499938964844,129.77999877929688
2025-02-04,131.49000549316406,129.0800018310547,130.74000549316406
2025-02-05,130.33999633789062,128.10000610351562,129.60000610351562
2025-02-06,133.19000244140625,130.14999389648438,132.57000732421875
2025-02-07,139.5,133.906005859375,134.97999572753906
2025-02-10,136.36000061035156,133.16000366210938,135.24000549316406
2025-02-11,136.25,134.08999633789062,134.52000427246094
2025-02-12,141.1999969482422,132.7899932861328,140.52000427246094
2025-02-13,141.94000244140625,138.75999450683594,141.0399932861328
2025-02-14,163.92999267578125,156.92999267578125,161.4199981689453
2025-02-18,162.5760040283203,158.07000732421875,160.60000610351562
2025-02-19,160.0,155.2100067138672,157.97999572753906
2025-02-20,157.75,152.47000122070312,155.30999755859375
2025-02-21,154.56500244140625,145.75,146.07000732421875
2025-02-24,147.07000732421875,143.8800048828125,144.82000732421875
2025-02-25,145.16000366210938,140.39999389648438,141.5500030517578
2025-02-26,145.1300048828125,142.22000122070312,144.02999877929688
2025-02-27,145.69000244140625,139.0500030517578,139.4499969482422
2025-02-28,140.16000366210938,137.58999633789062,138.8699951171875
2025-03-03,144.75,139.9010009765625,140.97999572753906
2025-03-04,143.22999572753906,137.82000732421875,141.4199981689453
2025-03-05,142.7899932861328,139.2100067138672,142.5800018310547
2025-03-06,140.3249969482422,134.61000061035156,134.77000427246094
2025-03-07,134.72999572753906,130.3699951171875,134.38999938964844
2025-03-10,135.94000244140625,130.1999969482422,132.14999389648438
2025-03-11,130.7689971923828,123.69999694824219,125.44000244140625
2025-03-12,127.4800033569336,123.53099822998047,126.55000305175781
2025-03-13,126.22000122070312,119.1500015258789,119.37999725341797
2025-03-14,124.44999694824219,121.56999969482422,122.86000061035156
2025-03-17,128.0,123.75,126.94000244140625
2025-03-18,126.06999969482422,123.0,124.55999755859375
2025-03-19,127.08000183105469,124.12000274658203,126.0
2025-03-20,127.7699966430664,124.36000061035156,126.1500015258789
2025-03-21,129.25,123.30000305175781,128.8000030517578
2025-03-24,130.72000122070312,128.69000244140625,129.82000732421875
2025-03-25,130.75999450683594,128.5500030517578,129.8800048828125
2025-03-26,131.0,127.8499984741211,128.63999938964844
2025-03-27,127.08999633789062,123.43000030517578,125.6500015258789
2025-03-28,125.54000091552734,119.94000244140625,120.69000244140625
2025-03-31,119.94999694824219,115.68000030517578,119.45999908447266
2025-04-01,121.3499984741211,117.80000305175781,121.18000030517578
2025-04-02,124.58999633789062,119.08000183105469,122.80000305175781
2025-04-03,117.18000030517578,111.80000305175781,113.97000122070312
2025-04-04,110.41999816894531,104.7300033569336,106.66000366210938
2025-04-07,110.91000366210938,99.87999725341797,106.30000305175781
2025-04-08,112.97000122070312,104.1500015258789,105.69000244140625
2025-04-09,123.29499816894531,105.38999938964844,121.31999969482422
2025-04-10,118.5,110.05999755859375,113.91000366210938
2025-04-11,115.43000030517578,111.58999633789062,114.54000091552734
2025-04-14,118.29000091552734,112.55000305175781,113.22000122070312
2025-04-15,115.70999908447266,113.5199966430664,114.63999938964844
2025-04-16,115.62000274658203,111.02999877929688,112.63999938964844
2025-04-17,114.0,111.86000061035156,112.69999694824219
2025-04-21,113.4000015258789,109.79000091552734,111.61000061035156
2025-04-22,115.80000305175781,112.05000305175781,114.91000366210938
2025-04-23,122.31999969482422,116.72000122070312,118.27999877929688
2025-04-24,121.88999938964844,118.0,121.70999908447266
2025-04-25,123.08999633789062,120.83000183105469,122.51000213623047
2025-04-28,125.2300033569336,122.11000061035156,123.30000305175781
2025-04-29,125.98999786376953,123.16000366210938,125.48999786376953
2025-04-30,122.25,118.05000305175781,121.91999816894531
2025-05-01,125.08000183105469,121.9000015258789,124.01000213623047
2025-05-02,126.55999755859375,120.13400268554688,125.26000213623047
2025-05-05,127.58999633789062,122.30000305175781,124.88999938964844
2025-05-06,124.5,121.56999969482422,121.66999816894531
2025-05-07,123.6500015258789,120.41000366210938,123.12000274658203
2025-05-08,127.62999725341797,123.62000274658203,126.38999938964844
2025-05-09,127.33000183105469,123.4000015258789,127.04000091552734
2025-05-12,134.85000610351562,132.13999938964844,134.2100067138672
2025-05-13,138.52999877929688,133.75,138.0500030517578
2025-05-14,139.8350067138672,137.10000610351562,137.4499969482422
2025-05-15,137.77999877929688,135.27000427246094,136.7899932861328
2025-05-16,138.4499969482422,136.2100067138672,138.0
2025-05-19,137.3699951171875,135.02999877929688,136.60000610351562
2025-05-20,134.60000610351562,131.38999938964844,132.1300048828125
2025-05-21,130.7899932861328,126.97000122070312,127.5199966430664
2025-05-22,128.32899475097656,125.94000244140625,127.6500015258789
2025-05-23,127.375,125.0,126.72000122070312
2025-05-27,130.39999389648438,128.34500122070312,129.39999389648438
2025-05-28,129.5500030517578,127.66500091552734,128.6699981689453
2025-05-29,130.0,126.95999908447266,128.36000061035156
2025-05-30,129.25,125.0,129.0
2025-06-02,129.77000427246094,127.98500061035156,129.6199951171875
2025-06-03,133.49000549316406,128.9499969482422,132.89999389648438
2025-06-04,134.85499572753906,131.63999938964844,133.50999450683594
2025-06-05,137.80299377441406,133.5,137.2899932861328
2025-06-06,143.8800048828125,138.9499969482422,140.63999938964844
2025-06-09,141.5260009765625,138.33999633789062,139.00999450683594
2025-06-10,140.60499572753906,138.13499450683594,138.55999755859375
2025-06-11,140.3699951171875,137.11500549316406,138.05999755859375
2025-06-12,139.40499877929688,136.6999969482422,138.80999755859375
2025-06-13,136.6300048828125,134.67999267578125,135.5399932861328
2025-06-16,139.2899932861328,136.8300018310547,137.2100067138672
2025-06-17,136.16000366210938,132.88999938964844,133.3699951171875
2025-06-18,133.81500244140625,131.69000244140625,132.1699981689453
2025-06-20,132.63999938964844,131.38999938964844,131.72999572753906
2025-06-23,131.52999877929688,127.04000091552734,130.52999877929688
2025-06-24,132.72500610351562,130.36000061035156,132.14999389648438
2025-06-25,133.02999877929688,128.77000427246094,129.6699981689453
2025-06-26,134.17999267578125,128.31500244140625,133.72000122070312
2025-06-27,134.5800018310547,132.10000610351562,134.52000427246094
2025-06-30,135.05999755859375,131.94500732421875,132.33999633789062
2025-07-01,136.69000244140625,132.1199951171875,135.41000366210938
2025-07-02,136.08999633789062,134.38999938964844,135.38999938964844
2025-07-03,138.19000244140625,136.22999572753906,136.49000549316406
2025-07-07,137.6300048828125,135.1999969482422,137.0
2025-07-08,138.5500030517578,136.5500030517578,136.99000549316406
2025-07-09,138.27000427246094,136.5,136.85000610351562
2025-07-10,138.4149932861328,136.0500030517578,137.0
2025-07-11,137.0,135.1999969482422,135.35000610351562
2025-07-14,139.46800231933594,134.6999969482422,138.57000732421875
2025-07-15,140.13999938964844,136.47999572753906,136.5399932861328
2025-07-16,137.14999389648438,135.4199981689453,136.7100067138672
2025-07-17,139.57000732421875,137.25999450683594,139.3000030517578
2025-07-18,140.74000549316406,138.9199981689453,139.33999633789062
2025-07-21,139.8000030517578,137.9600067138672,138.07000732421875
2025-07-22,140.02000427246094,136.86000061035156,139.42999267578125
2025-07-23,140.92999267578125,138.10000610351562,139.8300018310547
2025-07-24,142.6300048828125,138.82000732421875,141.6199951171875
2025-07-25,142.52999877929688,141.17999267578125,141.30999755859375
2025-07-28,143.3000030517578,141.02000427246094,142.16000366210938
2025-07-29,143.08999633789062,136.3800048828125,136.83999633789062
2025-07-30,136.52499389648438,133.9199981689453,134.75
2025-07-31,135.8000030517578,132.1199951171875,132.41000366210938
2025-08-01,130.36000061035156,126.91999816894531,128.02000427246094
2025-08-04,131.1300048828125,128.8300018310547,130.9600067138672
2025-08-05,132.16000366210938,129.27999877929688,129.9600067138672
2025-08-06,131.2899932861328,128.3000030517578,130.5
2025-08-07,123.38999938964844,117.27999877929688,120.02999877929688
2025-08-08,122.0,119.30000305175781,121.0199966430664
2025-08-11,121.30000305175781,118.13999938964844,118.30000305175781
2025-08-12,122.19000244140625,118.1500015258789,121.61000061035156
2025-08-13,124.76799774169922,121.69999694824219,124.55000305175781
2025-08-14,125.58000183105469,122.43599700927734,124.63999938964844
2025-08-15,126.34500122070312,124.33000183105469,125.0999984741211
2025-08-18,125.88999938964844,124.45999908447266,125.48999786376953
2025-08-19,128.0800018310547,125.2699966430664,126.0
2025-08-20,126.5999984741211,123.81500244140625,124.95999908447266
2025-08-21,126.48999786376953,124.47000122070312,126.43000030517578
2025-08-22,130.4250030517578,126.31999969482422,129.9199981689453
2025-08-25,130.02999877929688,128.08999633789062,128.14999389648438
2025-08-26,128.8000030517578,126.4000015258789,126.88999938964844
2025-08-27,130.14999389648438,126.91999816894531,129.85000610351562
2025-08-28,130.58999633789062,128.82000732421875,130.4600067138672
2025-08-29,131.11000061035156,129.2100067138672,130.52999877929688
2025-09-02,129.22999572753906,126.45999908447266,127.58999633789062
2025-09-03,127.75,124.45999908447266,124.9000015258789
2025-09-04,125.6500015258789,123.18000030517578,125.37000274658203
2025-09-05,127.38500213623047,122.81999969482422,123.80999755859375
2025-09-08,126.08000183105469,123.05999755859375,124.62000274658203
2025-09-09,124.77999877929688,123.5999984741211,123.80999755859375
2025-09-10,124.44000244140625,122.62999725341797,123.41000366210938
2025-09-11,124.5,122.6500015258789,123.05000305175781
2025-09-12,123.44999694824219,121.83999633789062,122.55000305175781
2025-09-15,122.9800033569336,119.76000213623047,120.37000274658203
2025-09-16,121.98999786376953,119.76499938964844,121.66000366210938
2025-09-17,124.44999694824219,121.5199966430664,123.19999694824219
2025-09-18,125.72000122070312,123.5999984741211,125.47000122070312
2025-09-19,127.8499984741211,125.19000244140625,127.04000091552734
2025-09-22,126.63999938964844,123.3499984741211,125.44000244140625
2025-09-23,126.8550033569336,123.05000305175781,123.5
2025-09-24,125.58999633789062,122.08000183105469,123.08000183105469
2025-09-25,122.91000366210938,121.11799621582031,121.75
2025-09-26,123.91000366210938,121.6500015258789,123.69999694824219
2025-09-29,124.58000183105469,122.83000183105469,122.91999816894531
2025-09-30,123.08000183105469,120.5199966430664,121.41999816894531
2025-10-01,122.61000061035156,120.78500366210938,122.31999969482422
2025-10-02,122.5,120.0199966430664,121.48999786376953
2025-10-03,122.25,119.83999633789062,120.22000122070312
2025-10-06,123.1500015258789,120.05000305175781,120.3499984741211
2025-10-07,121.0999984741211,119.13999938964844,119.8499984741211
2025-10-08,120.7699966430664,118.91000366210938,119.98999786376953
2025-10-09,121.41799926757812,119.55999755859375,120.1500015258789
2025-10-10,120.58000183105469,116.31999969482422,118.19000244140625
2025-10-13,119.80000305175781,118.25,118.86000061035156
2025-10-14,124.47000122070312,117.69000244140625,122.88999938964844
2025-10-15,125.875,122.69000244140625,124.26000213623047
2025-10-16,126.97000122070312,122.04499816894531,122.88999938964844
2025-10-17,126.4000015258789,122.80500030517578,125.91000366210938
2025-10-20,128.5,125.79000091552734,127.20999908447266
2025-10-21,129.5,126.67500305175781,128.55999755859375
2025-10-22,128.96499633789062,127.30999755859375,127.5
2025-10-23,128.8000030517578,126.73999786376953,127.3499984741211
2025-10-24,129.05999755859375,127.3499984741211,127.98999786376953
2025-10-27,129.5399932861328,126.37999725341797,129.07000732421875
2025-10-28,130.0500030517578,127.66999816894531,128.00999450683594
2025-10-29,128.67999267578125,125.46499633789062,126.4800033569336
2025-10-30,128.27499389648438,125.26000213623047,126.33999633789062
2025-10-31,127.1500015258789,125.26000213623047,126.54000091552734
2025-11-03,127.32499694824219,124.62000274658203,126.80000305175781
2025-11-04,125.98999786376953,121.93000030517578,122.3499984741211
2025-11-05,124.08999633789062,121.5999984741211,122.5
2025-11-06,123.38999938964844,119.81999969482422,120.52999877929688
2025-11-07,125.76000213623047,117.14700317382812,120.87999725341797
2025-11-10,122.83000183105469,119.77999877929688,120.19999694824219
2025-11-11,123.45899963378906,120.0,122.52999877929688
2025-11-12,122.8499984741211,120.70500183105469,121.69000244140625
2025-11-13,123.4000015258789,121.0,121.19000244140625
2025-11-14,122.75,119.60399627685547,122.0199966430664
2025-11-17,121.33000183105469,116.70099639892578,117.5999984741211
2025-11-18,118.54000091552734,115.38999938964844,115.41999816894531
2025-11-19,115.91000366210938,114.07499694824219,114.44000244140625
2025-11-20,115.13999938964844,110.80999755859375,111.54000091552734
2025-11-21,115.69000244140625,111.83999633789062,114.26000213623047
2025-11-24,115.05000305175781,113.37999725341797,114.41000366210938
2025-11-25,119.23999786376953,114.46499633789062,118.55999755859375
2025-11-26,118.04000091552734,116.4000015258789,116.73999786376953
2025-11-28,117.79000091552734,116.4000015258789,116.98999786376953
2025-12-01,119.62000274658203,115.6449966430664,118.80000305175781
2025-12-02,120.09100341796875,117.37000274658203,118.5
2025-12-03,120.7229995727539,117.62999725341797,120.12999725341797
2025-12-04,121.0,119.22000122070312,120.81999969482422
2025-12-05,124.80999755859375,120.4000015258789,124.31999969482422
2025-12-08,124.21499633789062,120.91500091552734,122.01000213623047
2025-12-09,125.80999755859375,121.15399932861328,125.38999938964844
2025-12-10,128.8300018310547,124.45999908447266,127.56999969482422
2025-12-11,129.61000061035156,126.97000122070312,128.0
2025-12-12,130.60000610351562,128.19000244140625,128.38999938964844
2025-12-15,132.25,128.3000030517578,131.80999755859375
2025-12-16,133.0489959716797,131.1699981689453,132.00999450683594
2025-12-17,136.82000732421875,133.62100219726562,133.77999877929688
2025-12-18,135.41000366210938,132.9600067138672,133.99000549316406
2025-12-19,137.0500030517578,133.61000061035156,135.27999877929688
2025-12-22,138.52000427246094,135.9499969482422,136.9499969482422
2025-12-23,137.2100067138672,135.5800018310547,136.49000549316406
2025-12-24,137.99000549316406,135.80999755859375,136.77999877929688
2025-12-26,137.21099853515625,136.14999389648438,136.82000732421875
2025-12-29,137.16000366210938,136.16000366210938,136.6199951171875
2025-12-30,137.4199981689453,135.88999938964844,136.91000366210938
2025-12-31,137.5800018310547,135.56500244140625,135.72000122070312
2026-01-02,136.11000061035156,132.33999633789062,133.00999450683594
2026-01-05,137.9600067138672,132.63499450683594,135.8699951171875
2026-01-06,138.3800048828125,135.94500732421875,138.02000427246094
2026-01-07,139.5500030517578,136.8300018310547,137.0399932861328
2026-01-08,138.77999877929688,134.5500030517578,138.66000366210938
2026-01-09,141.39999389648438,137.91000366210938,139.27000427246094
2026-01-12,140.24000549316406,137.01499938964844,138.50999450683594
2026-01-13,140.19000244140625,136.5,140.07000732421875
2026-01-14,139.64999389648438,130.14999389648438,132.7899932861328
2026-01-15,135.5,131.92999267578125,132.60000610351562
2026-01-16,132.75999450683594,129.85000610351562,130.66000366210938
2026-01-20,132.03500366210938,127.83000183105469,130.72999572753906
2026-01-21,134.97000122070312,129.6999969482422,133.58999633789062
2026-01-22,137.2100067138672,133.50999450683594,133.8000030517578
2026-01-23,134.82000732421875,131.7100067138672,132.14999389648438
2026-01-26,134.50999450683594,131.17999267578125,133.38999938964844
2026-01-27,133.49000549316406,131.00999450683594,132.22000122070312
2026-01-28,134.11500549316406,131.50999450683594,131.5500030517578
2026-01-29,132.5800018310547,130.10000610351562,131.77000427246094
2026-01-30,131.55999755859375,129.05999755859375,129.3699951171875
2026-02-02,132.47999572753906,128.38999938964844,131.30999755859375
2026-02-03,131.05999755859375,120.0999984741211,122.07499694824219
2026-02-04,125.51000213623047,120.19999694824219,124.61000061035156
2026-02-05,125.0,120.79000091552734,121.2699966430664
2026-02-06,122.83999633789062,119.76000213623047,122.18000030517578
2026-02-09,122.48999786376953,120.25,121.30999755859375
2026-02-10,121.87999725341797,119.3499984741211,120.31999969482422
2026-02-11,122.3499984741211,118.12999725341797,119.55000305175781
2026-02-12,121.4800033569336,115.52999877929688,115.95999908447266
2026-02-13,127.01000213623047,119.66000366210938,121.3499984741211
2026-02-17,127.6500015258789,122.08000183105469,124.2300033569336
2026-02-18,126.0199966430664,122.5,124.2699966430664
2026-02-19,126.04000091552734,122.66999816894531,125.80999755859375
2026-02-20,128.0,124.08000183105469,127.88999938964844
2026-02-23,128.14999389648438,119.94000244140625,122.95999908447266
2026-02-24,127.69999694824219,123.7699966430664,125.66000366210938
2026-02-25,132.14999389648438,125.822998046875,132.02000427246094
2026-02-26,137.47999572753906,132.19500732421875,136.97000122070312
