Date,High,Low,Close
2015-03-02,212.29981165859147,209.7565315008923,210.30020141601562
2015-03-03,210.9544243766365,207.88590813582616,209.81179809570312
2015-03-04,210.52138854171304,207.22248748985658,209.7934112548828
2015-03-05,211.95888285403493,210.03297851982114,211.20326232910156
2015-03-06,210.77938981471146,206.49449837095983,206.96446228027344
2015-03-09,208.15315646300112,205.11226906906188,207.6555633544922
2015-03-10,206.2917712587812,200.88268689546075,203.5089111328125
2015-03-11,205.49008707495776,203.4075468597172,204.73446655273438
2015-03-12,207.64634859325503,205.78496867977302,207.40676879882812
2015-03-13,208.521733595795,205.60986705483938,207.0012969970703
2015-03-16,212.05104657618148,207.95967170881482,211.51658630371094
2015-03-17,210.89914351251304,208.42958362261714,210.28175354003906
2015-03-18,211.5534308611466,208.43882321421137,210.96368408203125
2015-03-19,210.97288848404955,206.7525074906474,208.02415466308594
2015-03-20,212.13398122463414,208.3927594807638,211.8851776123047
2015-03-23,214.4192582031439,211.25857338967987,212.1800537109375
2015-03-24,213.11072209284973,210.37392487285652,210.466064453125
2015-03-25,212.15238934976713,207.81222534179688,207.81222534179688
2015-03-26,211.22164221856406,206.0613487043883,208.30055236816406
2015-03-27,209.96847102657114,207.42519083219835,208.3558807373047
2015-03-30,211.4797284649401,208.98251066979066,211.1479949951172
2015-03-31,212.20763171832354,208.43878173828125,208.43878173828125
2015-04-01,208.7245300843108,203.88675775850925,205.22291564941406
2015-04-02,207.25933552068724,204.62390145116987,205.96926879882812
2015-04-06,207.97813015193594,204.58708892007755,206.80784606933594
2015-04-07,208.13473733857003,204.21844631802088,204.42117309570312
2015-04-08,205.04778488363124,202.27412039024128,205.0201416015625
2015-04-09,206.85389673244904,204.27374904382452,205.7481231689453
2015-04-10,207.2408801500154,205.18598335211385,206.724853515625
2015-04-13,208.93641509534874,206.36547759275197,206.3839111328125
2015-04-14,208.49408768224328,205.02011774031502,208.2637176513672
2015-04-15,209.98689488321315,207.55418792144644,207.9412078857422
2015-04-16,209.73807243464114,207.20400232503002,208.7797393798828
2015-04-17,210.4753196028122,205.82184125566297,210.12515258789062
2015-04-20,213.25819577907046,210.55826503777553,211.23094177246094
2015-04-21,213.45167408658764,211.86672700941,213.129150390625
2015-04-22,213.69127130615354,212.2814076026178,213.11074829101562
2015-04-23,212.17999675368227,209.5906399957389,211.12030029296875
2015-04-24,212.46569978409119,209.90397185223156,211.20326232910156
2015-04-27,212.6776500125663,208.99172891723816,209.33267211914062
2015-04-28,210.65033446745818,206.5958140148274,210.5766143798828
2015-04-29,210.9912896720828,207.19479633852956,207.70159912109375
2015-04-30,210.74256787861273,205.23211893964782,205.8587188720703
2015-05-01,207.7938129864273,204.95565190225864,207.2777862548828
2015-05-04,209.295814870826,207.36070071056443,208.16238403320312
2015-05-05,208.06097286757276,204.789729961174,205.28732299804688
2015-05-06,206.34710344288467,203.684025594849,205.39797973632812
2015-05-07,207.25933209909408,205.02014188440356,206.24571228027344
2015-05-08,211.54422752743972,207.59106938496544,211.0926971435547
2015-05-11,212.24455031547524,209.79340944535954,210.5950927734375
2015-05-12,211.9681245036031,208.37435675070034,211.52581787109375
2015-05-13,217.46931379970235,213.57145673087356,214.13356018066406
2015-05-14,220.76827060541126,215.4605486910106,220.67611694335938
2015-05-15,221.98456564273056,220.3627656176901,221.09072875976562
2015-05-18,223.81833772747234,221.12761708033625,223.6893310546875
2015-05-19,224.48180694512916,222.99822316248898,223.55111694335938
2015-05-20,224.3251306970941,222.06750713436762,222.81390380859375
2015-05-21,222.4637634341765,219.73618972933008,220.6392364501953
2015-05-22,222.75862329196306,220.23376254239673,221.71734619140625
2015-05-26,221.98455138555312,218.4460711614519,219.18325805664062
2015-05-27,220.8050802981805,218.48296032550365,220.41806030273438
2015-05-28,220.7866701712317,218.67647255680205,219.16485595703125
2015-05-29,220.64850154285557,218.42773017708197,218.60281372070312
2015-06-01,220.40894821366697,217.0731929221666,219.56118774414062
2015-06-02,220.30752782106921,216.8611861867805,218.04067993164062
2015-06-03,219.24776170033533,217.100725359872,218.4092254638672
2015-06-04,218.6675095863803,215.8633765910036,216.50906372070312
2015-06-05,217.32999320287502,214.93171084074825,217.18240356445312
2015-06-08,217.68972073905567,215.3098907470703,215.3098907470703
2015-06-09,216.39834848635147,214.7010958846549,215.8448944091797
2015-06-10,217.87418871007927,214.8302196290802,217.64358520507812
2015-06-11,220.4478173274211,218.6675502584168,219.1748809814453
2015-06-12,219.1748530754275,216.73046091423564,216.87803649902344
2015-06-15,216.78579978860662,214.61812068300958,215.63278198242188
2015-06-16,216.76728199080202,214.9593444246373,216.250732421875
2015-06-17,217.67124956504833,214.99625462222446,215.6234893798828
2015-06-18,218.09562819883413,215.18079578180627,217.72665405273438
2015-06-19,218.52916371501706,217.24700846834588,217.55140686035156
2015-06-22,219.99580396235345,217.29313690024736,217.4683837890625
2015-06-23,218.1325288438135,216.02020629829457,217.2654571533203
2015-06-24,217.46838783231868,212.63494596314024,212.6441650390625
2015-06-25,214.1200092367085,211.06682053679282,211.53724670410156
2015-06-26,212.5888076492736,209.96915462717678,210.2366485595703
2015-06-29,210.14442853779704,206.79606018925932,206.8790740966797
2015-06-30,208.5947631114058,205.6983828574857,207.36795043945312
2015-07-01,209.61864543204783,207.55243237489756,208.2626953125
2015-07-02,209.5263411677644,205.69832857536616,206.86056518554688
2015-07-06,207.7092323367845,204.42543988600048,207.15579223632812
2015-07-07,210.6056262452278,206.40863863400892,210.52259826660156
2015-07-08,209.72008621392473,206.82370628367786,207.10043334960938
2015-07-09,210.365795554055,208.6962279821855,209.29579162597656
2015-07-10,212.2751877656502,210.91000459373828,211.74940490722656
2015-07-13,213.99088325207939,211.64794321532995,213.4743194580078
2015-07-14,215.71576639034424,212.30283696569313,215.68809509277344
2015-07-15,216.9425428963137,213.04073576145692,216.250732421875
2015-07-16,218.4830051744597,216.038613429522,216.7857666015625
2015-07-17,217.3945583792995,215.16231784312333,216.26922607421875
2015-07-20,216.98876309393893,215.15315341689202,216.352294921875
2015-07-21,216.7488898057007,212.68105378622943,214.45208740234375
2015-07-22,216.97951631213778,214.05546460996965,216.8872833251953
2015-07-23,216.85040468824386,211.24212327215807,211.6756591796875
2015-07-24,212.52420637739047,208.68697435753197,209.0743865966797
2015-07-27,209.03751419934474,206.79605431313632,207.3218231201172
2015-07-28,209.36032940260733,206.39015487461904,209.14817810058594
2015-07-29,209.96917687023932,206.67615098082356,209.24969482421875
2015-07-30,205.52312677133645,198.87252758782094,200.4959716796875
2015-07-31,203.60450002629221,200.13622740143833,203.45692443847656
2015-08-03,206.2794533126414,203.45686864268396,206.14108276367188
2015-08-04,206.79606086323355,204.78519040241736,205.61537170410156
2015-08-05,207.2941957218516,204.90514567071156,206.0673828125
2015-08-06,206.25181367315867,201.29844001816826,201.44602966308594
2015-08-07,201.4275852024766,197.14758385936037,199.37060546875
2015-08-10,202.00871956895148,199.39828556772252,200.47750854492188
2015-08-11,200.28380880562037,196.972330980953,198.79872131347656
2015-08-12,198.900205127489,195.58872700839459,198.485107421875
2015-08-13,199.60119889506646,197.58110963899745,197.66412353515625
2015-08-14,198.79873129785875,196.6310520910111,198.5773468017578
2015-08-17,199.61042303203254,195.91154723516658,199.5089569091797
2015-08-18,199.628859444272,197.26748158120017,198.78945922851562
2015-08-19,200.08084742389212,196.36351969688226,198.78945922851562
2015-08-20,197.60880162403888,194.01139166467215,194.1589813232422
2015-08-21,193.2365682765427,186.43836561353933,186.81655883789062
2015-08-24,186.58593318052314,147.67851108020335,182.45352172851562
2015-08-25,189.00267898242737,173.5614730542566,173.8197479248047
2015-08-26,182.9793302647889,174.27173654122166,182.5365753173828
2015-08-27,185.63587170524625,180.26741390170704,183.44052124023438
2015-08-28,185.6758752580726,182.9047313299269,185.48190307617188
2015-08-31,187.69879384660226,181.97176645233466,182.5075225830078
2015-09-01,183.8469521961737,178.30466349626647,180.84487915039062
2015-09-02,184.75217802019856,180.80792627246285,181.9718017578125
2015-09-03,184.29961616965807,179.3485033288226,180.09671020507812
2015-09-04,179.71791112885714,175.45958623992087,178.11065673828125
2015-09-08,181.8055538940935,178.8311911073609,180.48463439941406
2015-09-09,183.72686024252346,177.89822235839273,178.13839721679688
2015-09-10,181.28829502045673,176.40184902863604,180.2260284423828
2015-09-11,182.66464327253314,179.33926359780432,182.5630340576172
2015-09-14,183.18185386736326,180.50308696351573,181.61154174804688
2015-09-15,185.42653170599922,180.7432904579765,185.1217041015625
2015-09-16,189.3615488686539,185.78677682228926,188.65953063964844
2015-09-17,191.66153733609355,187.1999943616461,189.08436584472656
2015-09-18,192.16039205531294,186.63658140186902,188.18841552734375
2015-09-21,190.8672193781025,185.38958254601013,185.94381713867188
2015-09-22,184.18869393180583,180.88180791765018,183.8007354736328
2015-09-23,184.67831474078076,182.05496778551841,183.09877014160156
2015-09-24,182.99716997958984,178.72961140526183,182.19354248046875
2015-09-25,183.68069054505744,176.7435834924581,177.56568908691406
2015-09-28,177.630364704674,168.7626966949361,170.2036895751953
2015-09-29,172.8824827174793,169.2522758595305,170.6748046875
2015-09-30,172.93790060677227,168.7257630177677,170.9149627685547
2015-10-01,172.03265544046909,169.05829255290226,171.87562561035156
2015-10-02,172.31898432705765,168.28234140468763,172.3097381591797
2015-10-05,175.86608018529012,171.78326199688462,175.2379608154297
2015-10-06,175.20096151637034,168.67030606356084,169.9635009765625
2015-10-07,171.45067336603378,168.67952947073326,170.8687286376953
2015-10-08,172.76241158119046,169.40008961779355,172.078857421875
2015-10-09,175.87523290970807,171.90327188638767,175.45956420898438
2015-10-12,176.70665567017656,174.77609499406591,176.0692901611328
2015-10-13,179.53320953056144,175.58894337838643,177.27011108398438
2015-10-14,178.46165343103175,174.54511264578161,175.30255126953125
2015-10-15,179.19142316887456,175.4041871882254,178.9697265625
2015-10-16,180.98345164624067,178.4709601124349,180.31838989257812
2015-10-19,181.67616396692685,179.04358605716297,179.98577880859375
2015-10-20,180.32761221761749,174.23108863485635,174.88693237304688
2015-10-21,175.8660604813423,170.17597392176054,172.38365173339844
2015-10-22,173.6768451939074,164.00555097059154,167.5988006591797
2015-10-23,173.10416135147887,168.50406523607674,172.69773864746094
2015-10-26,175.32103113610773,171.41372238621668,175.0808563232422
2015-10-27,177.64880215761565,156.10777049329025,167.82046508789062
2015-10-28,168.90121816829895,162.5737675982996,168.49478149414062
2015-10-29,173.65838631239512,166.63814803632664,172.04188537597656
2015-10-30,171.97719148705605,164.43969044840378,165.16018676757812
2015-11-02,169.25229702885545,165.4465957048836,166.85987854003906
2015-11-03,169.5109113153387,165.16022215541935,169.381591796875
2015-11-04,169.94507145067485,165.59438195750457,168.02374267578125
2015-11-05,172.04190356878732,167.06308072191632,171.75555419921875
2015-11-06,174.92386224120855,167.59881084891302,169.7325897216797
2015-11-09,170.22216323905997,166.73975447560335,169.15989685058594
2015-11-10,171.27522998093474,167.69121134651886,170.57321166992188
2015-11-11,171.6631373279575,168.96589208177448,169.47393798828125
2015-11-12,170.86878811320045,166.2409812713312,166.36106872558594
2015-11-13,168.4948184429803,165.79757294408952,166.16705322265625
2015-11-16,168.67030550008835,165.36340526815434,168.4393768310547
2015-11-17,172.7347241197218,166.73980803203636,171.33067321777344
2015-11-18,175.09938355420363,170.5916506056534,174.83151245117188
2015-11-19,174.48046883824603,170.5639134424364,171.21975708007812
2015-11-20,175.50581584487907,171.83866688095975,175.21022033691406
2015-11-23,175.60740989806754,174.18489539925127,175.2286834716797
2015-11-24,175.77365608368154,173.8153855188848,175.321044921875
2015-11-25,176.07850127299398,174.5358993306544,175.10861206054688
2015-11-27,177.53232832428566,174.40554949492525,176.09844970703125
2015-11-30,176.6905325885336,174.8866268328743,175.16415405273438
2015-12-01,177.0882454720344,174.90506790719098,176.92173767089844
2015-12-02,178.65173636710102,175.31219155749056,175.75624084472656
2015-12-03,177.59705232978627,173.06416092538907,176.0429229736328
2015-12-04,177.94857724885136,175.49711830675693,176.26492309570312
2015-12-07,176.57948568747543,173.06417466837638,174.8218231201172
2015-12-08,175.86712854653405,171.9910373592882,174.7570343017578
2015-12-09,176.47771111087047,172.05582494013748,173.045654296875
2015-12-10,177.06980555940257,172.09286391433628,176.20947265625
2015-12-11,176.69981649860705,174.41486400920232,175.9597625732422
2015-12-14,177.08823598176437,174.44251806806375,176.3019256591797
2015-12-15,178.5406515678437,172.76814044589324,173.12892150878906
2015-12-16,176.8384495546724,172.00952663743766,176.43141174316406
2015-12-17,177.75437978600064,175.64519538943443,175.78396606445312
2015-12-18,180.9828771831211,174.58131726375464,178.9106903076172
2015-12-21,181.03839232106546,178.549921575403,180.66836547851562
2015-12-22,182.74977919254184,180.0207926950388,182.5185089111328
2015-12-23,185.83955611694404,182.60177201427348,185.47877502441406
2015-12-24,185.29376542113206,184.1004027797334,184.47044372558594
2015-12-28,185.86730357294888,183.75811967328954,185.26600646972656
2015-12-29,187.0513833561559,184.9052026847239,185.31224060058594
2015-12-30,186.39460486088677,183.3233286860792,183.8506317138672
2015-12-31,185.5435323681838,182.4445048805071,182.45375061035156
2016-01-04,181.00139150254148,178.41116131193624,180.08555603027344
2016-01-05,182.0929530147306,180.0207804680428,180.8533477783203
2016-01-06,179.1974940935296,176.99579621449158,178.63319396972656
2016-01-07,176.07067965664325,173.60996065190912,173.73947143554688
2016-01-08,175.2010919743805,168.36474387295493,168.72552490234375
2016-01-11,157.98534453526273,149.6781204511715,151.29701232910156
2016-01-12,154.15556381195805,150.8992733341064,151.72259521484375
2016-01-13,153.526485384423,144.59944314772946,146.0148162841797
2016-01-14,153.74848906808643,145.74654251903323,152.43487548828125
2016-01-15,152.77715374983734,146.9028966293501,152.63839721679688
2016-01-19,157.24528037765072,152.66613178629237,156.74574279785156
2016-01-20,157.8558912595364,150.1777127323535,157.2638397216797
2016-01-21,159.5765497966047,155.96873779527834,157.6801300048828
2016-01-22,160.63106916099687,156.86599671660179,157.43028259277344
2016-01-25,159.95579385660503,157.0787907567993,157.4210662841797
2016-01-26,158.85494705688242,154.52555963906818,158.1796417236328
2016-01-27,158.6051674492226,153.68374285088484,154.41455078125
2016-01-28,158.05009150790852,140.8158282867689,148.12396240234375
2016-01-29,150.84375701130062,145.81131239767,148.91958618164062
2016-02-01,148.42928134261837,144.60870544043237,147.3376922607422
2016-02-02,147.96675344380822,143.38760375976562,143.38760375976562
2016-02-03,145.21919817025903,138.05908091791548,140.95457458496094
2016-02-04,145.9593324661183,138.34591700228052,142.28675842285156
2016-02-05,144.67338406431043,139.52993713464502,142.79547119140625
2016-02-08,142.14796861431344,138.09610878238442,140.11279296875
2016-02-09,141.70392443555468,137.18027815579998,139.11370849609375
2016-02-10,143.6651493524757,139.24326123246408,141.52821350097656
2016-02-11,140.66781504000315,137.41152595747994,138.78990173339844
2016-02-12,140.77883394852785,137.6058125752306,139.71499633789062
2016-02-16,142.12941875338888,139.3541762517354,141.1580810546875
2016-02-17,146.0795730559804,142.4625022411989,143.91488647460938
2016-02-18,144.95093992356925,143.28579134898067,144.275634765625
2016-02-19,144.0536605887342,141.68545472871125,142.71229553222656
2016-02-22,144.98797640931153,143.1285682291021,144.71044921875
2016-02-23,144.4422122520242,142.27752511850443,142.4532928466797
2016-02-24,143.59113401172846,140.54760834391266,143.08233642578125
2016-02-25,145.0804677297354,142.00919176314656,143.72984313964844
2016-02-26,147.05693441191434,143.23872241486953,145.29611206054688
2016-02-29,146.40815705337238,143.90593153158144,144.2210235595703
2016-03-01,145.17564392089844,143.10899164959181,145.17564392089844
2016-03-02,149.89272522255075,144.4712257317425,147.06613159179688
2016-03-03,151.0975169565977,146.11160486804917,150.7824249267578
2016-03-04,152.83981483387527,150.52293670310266,150.84730529785156
2016-03-07,151.9501118328615,149.81858154120675,151.0974884033203
2016-03-08,150.7175651781174,146.01892940120717,147.16810607910156
2016-03-09,151.5423628845235,147.65927302473708,150.02249145507812
2016-03-10,151.67213266929966,147.98365203361587,149.31817626953125
2016-03-11,154.53579442448964,149.97617927843268,154.21142578125
2016-03-14,154.8879097965503,151.9501106216439,152.9046630859375
2016-03-15,151.32926346298711,145.3053780263224,145.7780303955078
2016-03-16,146.58418306215958,143.85953324826775,144.57313537597656
2016-03-17,144.29515505885053,138.64198137837843,140.57888793945312
2016-03-18,148.31729582425524,140.44918506468085,146.71401977539062
2016-03-21,147.06616530749372,143.98934421949903,145.37020874023438
2016-03-22,145.90773989013064,143.64646425476926,145.13853454589844
2016-03-23,146.4822951699354,143.54449550750363,143.6742401123047
2016-03-24,146.79743252770646,142.66412874027802,145.76873779296875
2016-03-28,146.36180757228078,143.9430005596313,145.06436157226562
2016-03-29,147.3627158048414,144.46199391709087,147.23297119140625
2016-03-30,148.27090377574189,146.00035241799696,146.1764373779297
2016-03-31,148.13192617874563,145.60189905884235,145.7316436767578
2016-04-01,146.3340582976671,144.17473971579165,145.8799591064453
2016-04-04,149.9298328699526,145.49996253056509,146.621337890625
2016-04-05,146.0189175505108,143.02551511882675,143.35914611816406
2016-04-06,151.4496910246696,143.79473061625924,151.2550811767578
2016-04-07,151.1160156789214,148.1318763299737,149.4385986328125
2016-04-08,151.37555721847747,149.0216150877077,150.31906127929688
2016-04-11,151.54238157158267,149.33670887913067,150.4858856201172
2016-04-12,153.10857538447434,150.45806632779198,152.29302978515625
2016-04-13,155.40690468558068,151.38480803462497,155.23081970214844
2016-04-14,157.05651230172828,153.3865716709883,156.240966796875
2016-04-15,160.14260853333087,156.3058591706233,160.11480712890625
2016-04-18,161.6532112093289,158.32617766797895,161.2547149658203
2016-04-19,163.46036868990598,160.9952072924234,162.9599151611328
2016-04-20,165.37876270613242,162.1907360477131,164.53541564941406
2016-04-21,165.7680001672484,164.13692297337698,164.98953247070312
2016-04-22,166.16655815637645,163.7291970193258,165.19346618652344
2016-04-25,165.425070613671,162.69115770905992,164.1832275390625
2016-04-26,165.6012014154842,163.9979255354133,164.19253540039062
2016-04-27,165.46223068406502,163.52532316085984,164.89691162109375
2016-04-28,163.67353619004555,156.74144091128593,156.92678833007812
2016-04-29,156.83409794050283,154.22066697113084,155.5273895263672
2016-05-02,156.48191449633643,154.62841246684403,156.09266662597656
2016-05-03,157.61265806209246,154.20220467655528,155.83328247070312
2016-05-04,155.7868898663538,152.34863652696515,152.9232177734375
2016-05-05,165.42508645690117,157.0657868120078,160.0499267578125
2016-05-06,160.4484582349335,154.7025888211986,156.49122619628906
2016-05-09,160.30015065625614,156.98237977796668,159.60508728027344
2016-05-10,160.99520081347939,156.86188472159034,157.83497619628906
2016-05-11,159.37348558135471,156.34300366550485,156.5190887451172
2016-05-12,157.58479132534475,154.05387098938147,155.04550170898438
2016-05-13,155.93514983654305,153.36805922680838,153.77581787109375
2016-05-16,160.78208245824393,156.23173034183537,159.89239501953125
2016-05-17,162.53369422464013,157.77019173944987,160.8006591796875
2016-05-18,167.8809888766392,159.63290813316618,166.71328735351562
2016-05-19,170.45734844582233,165.33241523012228,167.7049102783203
2016-05-20,169.48426343589958,166.93569764409864,168.93746948242188
2016-05-23,168.2702127100688,165.22119351449538,165.5640869140625
2016-05-24,170.3461546098269,165.20268205394282,169.38233947753906
2016-05-25,171.98655535357415,168.798527740319,169.52139282226562
2016-05-26,169.89203448246766,166.3240367541053,166.41671752929688
2016-05-27,168.86331995581887,165.91624417769958,167.94583129882812
2016-05-31,169.9383991058953,167.28788954540573,169.72525024414062
2016-06-01,171.92165714957326,167.4176445172577,171.27293395996094
2016-06-02,174.47501243855635,171.3656938536688,174.2986602783203
2016-06-03,174.89268117758732,172.5537348724868,173.06422424316406
2016-06-06,174.205897246539,172.4331128820345,173.72325134277344
2016-06-07,174.11307320576512,171.54208696272525,171.68130493164062
2016-06-08,174.5121870589514,170.50253963245933,174.25230407714844
2016-06-09,174.48434174375024,172.34028592119046,173.45408630371094
2016-06-10,173.13846093768538,171.37496768761486,172.1453399658203
2016-06-13,173.15704100874424,170.28903806278072,170.4468231201172
2016-06-14,170.40043892936163,167.41177052527794,168.5070037841797
2016-06-15,170.3076599179319,167.6252847559037,167.9315643310547
2016-06-16,167.2539564391277,163.9218748559818,166.83628845214844
2016-06-17,167.4210427562383,164.17249173181892,165.00782775878906
2016-06-20,168.39561637341043,166.41865043565966,166.94769287109375
2016-06-21,167.9965783270726,166.06600821364037,166.390869140625
2016-06-22,169.59292819627828,166.15874850835374,168.48841857910156
2016-06-23,171.5327806302812,169.78784004585697,170.78097534179688
2016-06-24,166.32581217309817,163.60631764318865,164.34884643554688
2016-06-27,162.8916829304511,158.86348174873604,160.22787475585938
2016-06-28,165.08206799327405,161.84279372057466,163.89402770996094
2016-06-29,170.83670117966003,165.5369287310645,170.16842651367188
2016-06-30,173.34268321488915,169.42585757619483,173.24058532714844
2016-07-01,176.68408744928203,173.40769214030223,174.58645629882812
2016-07-05,174.58642306355947,172.68369744706578,174.01095581054688
2016-07-06,178.30830559484093,172.1082072533226,178.09483337402344
2016-07-07,179.69131659054898,176.42419788093144,177.46372985839844
2016-07-08,179.4778014037841,178.08556523010824,178.93946838378906
2016-07-11,179.96974631911138,178.11343118776395,179.5520782470703
2016-07-12,182.84702070720783,179.92333035584713,181.42694091796875
2016-07-13,183.8308662706479,181.62184695968705,183.22756958007812
2016-07-14,185.10245446323174,183.32039365648808,183.80303955078125
2016-07-15,184.7497895778926,182.12310163628806,182.9770050048828
2016-07-18,183.71023743135785,181.98387779310883,183.49676513671875
2016-07-19,184.45277022059187,182.40154969617808,183.74737548828125
2016-07-20,184.95398156899248,183.63599938634536,184.18360900878906
2016-07-21,184.64765640851064,181.84461677640928,182.38294982910156
2016-07-22,182.80991789092698,181.75181884689061,182.44793701171875
2016-07-25,182.02093724412177,180.10893538206045,181.92811584472656
2016-07-26,182.82847945792457,180.99073138171957,182.17877197265625
2016-07-27,183.69164710117207,181.037116187602,182.77276611328125
2016-07-28,182.7635087736673,177.16671981267407,179.5428009033203
2016-07-29,181.11137774070338,177.46371139646592,180.5823211669922
2016-08-01,181.3433948810666,177.95561191954366,178.2897491455078
2016-08-02,180.9999967078074,178.0577390066374,179.62632751464844
2016-08-03,181.27840577406064,179.0786774349767,181.12062072753906
2016-08-04,181.31557857850729,179.59848148840044,180.50807189941406
2016-08-05,182.50364259536858,180.54522939440716,180.6751708984375
2016-08-08,181.31553542028604,179.86759812615364,181.08349609375
2016-08-09,182.77273190615634,181.15773312251594,182.18798828125
2016-08-10,182.3736877880744,180.94431718544433,181.59402465820312
2016-08-11,182.71710190715262,181.25988770739218,182.4943389892578
2016-08-12,182.382959135848,180.48023331998485,181.21348571777344
2016-08-15,182.92124967739824,181.08350211563481,182.03021240234375
2016-08-16,181.99316606854003,180.85153604704257,181.00003051757812
2016-08-17,181.93743880390898,179.67273221688282,181.7146759033203
2016-08-18,181.87247339680027,180.26676476279331,180.461669921875
2016-08-19,180.77718173272444,179.10649594092314,179.92327880859375
2016-08-22,180.00684446955967,178.99515632478744,179.7376708984375
2016-08-23,180.67514324156102,178.83738118543948,178.90235900878906
2016-08-24,179.67280043741508,175.08769833792363,175.46824645996094
2016-08-25,174.400818617577,168.9339705676637,170.1313018798828
2016-08-26,170.88307260937623,168.75759823160246,169.65789794921875
2016-08-29,171.08728650618363,169.49085435344526,170.68817138671875
2016-08-30,170.91131791533334,169.41470459407685,170.1397705078125
2016-08-31,171.82225925724188,169.2845290962279,171.6177520751953
2016-09-01,171.71068592855474,169.30309582032234,170.36280822753906
2016-09-02,171.4504445250209,169.805096361349,170.09326171875
2016-09-06,171.98954572871062,169.56336040301483,171.6827850341797
2016-09-07,173.16079010473,171.04136562197257,171.9337615966797
2016-09-08,172.16614124980364,170.00023546817167,170.14895629882812
2016-09-09,169.01495485710916,163.62342909275304,163.68849182128906
2016-09-12,168.74532399914045,162.7774692182362,167.75997924804688
2016-09-13,166.8118593055949,162.46146480539994,163.4561004638672
2016-09-14,163.93951065741143,155.56406222599455,155.889404296875
2016-09-15,157.87865489880693,152.42206661956322,157.06993103027344
2016-09-16,156.78178775681343,152.46856954440904,154.45785522460938
2016-09-19,154.95051236523483,152.89614997019737,153.37953186035156
2016-09-20,154.4949997894768,152.78458920551284,153.193603515625
2016-09-21,155.0341656995913,152.72882890038454,154.68092346191406
2016-09-22,156.9955449034998,155.29442502855684,156.27976989746094
2016-09-23,157.0978276682903,154.4299578556941,155.31304931640625
2016-09-26,155.07134224163593,153.4073989764522,153.5468292236328
2016-09-27,155.24793914519228,153.54681931854898,154.6437225341797
2016-09-28,155.55476130530397,153.96519922540713,154.88546752929688
2016-09-29,154.50427500285568,152.6451297196377,152.84033203125
2016-09-30,155.43386580965677,152.0502215661276,155.00625610351562
2016-10-03,154.55078734502263,153.2401003181952,153.73277282714844
2016-10-04,155.0341744089458,153.5654474558635,153.99305725097656
2016-10-05,154.634451517671,153.04487568004922,154.00233459472656
2016-10-06,153.35164768264343,151.78066715855033,153.1471405029297
2016-10-07,155.14574163152483,152.69166926368632,154.14181518554688
2016-10-10,154.98762943485764,153.184256393436,153.6862335205078
2016-10-11,154.06737108483804,151.994413930459,152.10597229003906
2016-10-12,153.7885123050713,150.93471726040252,151.09274291992188
2016-10-13,151.427401462107,149.54967464330363,150.65586853027344
2016-10-14,151.73418325718973,149.61475814134607,149.66123962402344
2016-10-17,149.95871809461912,148.55505383425006,149.3358917236328
2016-10-18,151.6319310266229,150.42349757113342,150.68377685546875
2016-10-19,151.3065697552054,149.72629882025916,149.77276611328125
2016-10-20,151.11135149654476,149.47530848135824,150.5443115234375
2016-10-21,150.70236381314874,149.2522322642742,149.6891326904297
2016-10-24,151.2972626746391,148.95474944899073,148.98263549804688
2016-10-25,148.95478823702717,147.10493279105106,147.3373260498047
2016-10-26,147.73697629137013,144.94825830672724,147.40234375
2016-10-27,150.26546011679744,146.44491476502785,149.1964569091797
2016-10-28,121.62533898908454,106.46400424819817,115.36931610107422
2016-10-31,119.5244767353142,115.03463824358701,118.21377563476562
2016-11-01,120.98386966025414,117.40502361803276,120.16585540771484
2016-11-02,127.21206917687134,120.40758809121212,126.26390075683594
2016-11-03,129.0804685950272,120.22164169934321,120.46332550048828
2016-11-04,124.4326464235302,120.16590961795846,121.55096435546875
2016-11-07,125.73402967457793,122.69433639956613,125.03684997558594
2016-11-08,123.93067737555731,121.0118045809911,121.31856536865234
2016-11-09,141.08129090423287,125.66896965714058,131.70188903808594
2016-11-10,137.96717215487624,133.59818350048073,137.10267639160156
2016-11-11,137.53031482933227,131.39514188260014,132.95681762695312
2016-11-14,135.1692405518363,129.2292684531316,133.57037353515625
2016-11-15,134.26752663098213,132.14810132190243,132.80809020996094
2016-11-16,133.2635776232288,131.4230271683796,131.51597595214844
2016-11-17,132.3711813572719,131.01401280415593,131.51597595214844
2016-11-18,132.0829828524338,129.9542675892903,130.18666076660156
2016-11-21,132.1852240435952,130.26101609134835,131.3950958251953
2016-11-22,132.5849579598378,130.28891226961474,131.3765106201172
2016-11-23,131.6461122748895,128.13232777513375,131.32077026367188
2016-11-25,133.06834137946237,130.61426974130816,132.99398803710938
2016-11-28,133.90498983044927,132.12021142128305,133.03118896484375
2016-11-29,133.60859039448104,131.47570240924514,131.5595245361328
2016-11-30,135.13610851358513,131.69925840039062,133.9439239501953
2016-12-01,134.75424657418637,132.86351551323256,133.26402282714844
2016-12-02,134.97774189418533,133.22671500322272,133.71104431152344
2016-12-05,136.30969636282273,133.2360892892205,135.05230712890625
2016-12-06,135.4248504638672,133.09636256585048,135.4248504638672
2016-12-07,133.60862961148646,127.42416646791366,131.9041748046875
2016-12-08,134.30716487122717,131.10316358944348,133.50616455078125
2016-12-09,137.62293900261736,132.71449691046857,136.21653747558594
2016-12-12,137.0268480075271,135.09886746415847,136.44007873535156
2016-12-13,138.39598760709907,136.31898061686684,137.8185272216797
2016-12-14,137.69745612678253,132.37919775728872,133.53411865234375
2016-12-15,134.21403245080634,131.59680042106947,132.57476806640625
2016-12-16,133.4968724438938,131.39192445987996,132.52821350097656
2016-12-19,134.12085702742917,130.78646179311792,131.84825134277344
2016-12-20,133.0404774015242,130.87964808294603,131.4477996826172
2016-12-21,133.24534171862416,131.01930864987216,131.87619018554688
2016-12-22,132.8355236156979,130.1717338833739,130.71194458007812
2016-12-23,132.53754181077824,130.85171874714646,131.49436950683594
2016-12-27,133.0870397829452,130.97276901377373,132.32330322265625
2016-12-28,132.9938956885591,131.48504022416057,131.82034301757812
2016-12-29,133.18018642877706,131.1963103780783,132.05319213867188
2016-12-30,132.5002452538655,130.48844289032968,130.81442260742188
2017-01-03,138.87105556984073,130.76790446854483,137.31561279296875
2017-01-04,139.2435239750819,136.45864837927576,138.3866424560547
2017-01-05,137.7812902190732,135.21995332417532,136.44940185546875
2017-01-06,137.30627375517648,134.94984512062794,136.840576171875
2017-01-09,137.85581356180612,135.66704312882285,136.76608276367188
2017-01-10,138.39601107406526,135.68564759756947,136.74745178222656
2017-01-11,137.42738409528664,131.4105639965887,133.3758087158203
2017-01-12,135.11754559096678,131.95079251415302,134.75428771972656
2017-01-13,137.62294405382193,135.10817995821122,137.08273315429688
2017-01-17,139.05731757294868,136.01165104055843,138.2469940185547
2017-01-18,140.13769230190533,138.01409871254083,139.4670867919922
2017-01-19,139.4112144273948,136.48663432562816,137.1851806640625
2017-01-20,141.40438791781853,137.38075491813683,139.97003173828125
2017-01-23,139.89556113395028,138.2376787564074,139.07594299316406
2017-01-24,138.74996297403683,137.5298373698108,138.13523864746094
2017-01-25,140.86422044800622,138.4705278724786,140.73382568359375
2017-01-26,134.4095989215915,128.14131507580134,129.04476928710938
2017-01-27,129.68748169054047,126.16680872917381,127.35899353027344
2017-01-30,127.97367344395018,124.9652714292248,127.70357513427734
2017-01-31,129.7153536967723,126.44614895591195,129.60357666015625
2017-02-01,130.86103572341568,129.19384443970534,130.42327880859375
2017-02-02,130.21830999094777,128.3834610236373,129.46388244628906
2017-02-03,130.12524976086073,128.4021626897097,129.31492614746094
2017-02-06,130.48848118538334,128.541854297237,130.22769165039062
2017-02-07,132.37922021571504,129.53846167229452,130.33013916015625
2017-02-08,131.4384267092409,129.83642655186094,131.27078247070312
2017-02-09,131.8203762032343,129.24973028118268,130.125244140625
2017-02-10,130.73993201728848,129.65020140256158,129.9948272705078
2017-02-13,131.33609161413528,130.19978781771286,130.85177612304688
2017-02-14,135.79738329077526,130.44186245690554,135.23854064941406
2017-02-15,139.5695538442133,134.81943340725627,139.26219177246094
2017-02-16,139.19705388707263,136.79405180450692,139.1691131591797
2017-02-17,140.21222175742514,137.93962949495483,139.94212341308594
2017-02-21,141.17157940231812,139.01073568417857,140.53822326660156
2017-02-22,140.63135646657855,138.66611216441524,138.82444763183594
2017-02-23,139.30881238951645,137.9117193337455,138.74996948242188
2017-02-24,140.51957897373268,137.5763811586102,140.50096130371094
2017-02-27,141.83530522162926,139.94105853438515,141.32208251953125
2017-02-28,141.07953636725045,138.5974140223486,140.09042358398438
2017-03-01,141.54604122682318,138.93328269942825,139.0079345703125
2017-03-02,141.09819478165886,138.3547980571215,140.118408203125
2017-03-03,142.83380700921498,140.11840306604108,142.3299102783203
2017-03-06,141.760685838753,139.48385313923362,140.1930389404297
2017-03-07,139.71712372352772,136.87108307770404,137.39364624023438
2017-03-08,141.4060300533608,137.4589076469042,137.9441375732422
2017-03-09,140.10902212878625,137.60824844660488,139.47450256347656
2017-03-10,140.25840871223522,137.4870185728213,137.79495239257812
2017-03-13,138.77469922479173,136.86178532899766,138.14950561523438
2017-03-14,139.2599043001906,137.1696943087134,137.2723388671875
2017-03-15,138.83064326742362,136.44184026474434,138.3454132080078
2017-03-16,140.2583435698993,137.7202365116831,138.8773193359375
2017-03-17,139.47449919471777,137.78554153788488,138.0374755859375
2017-03-20,138.8026351504982,136.71242563653004,137.3282928466797
2017-03-21,137.8228856703547,135.80732748537542,136.236572265625
2017-03-22,136.955093197114,135.44341733989802,136.52584838867188
2017-03-23,137.72961498582737,135.74204899465826,136.0686492919922
2017-03-24,136.61916502520936,134.2396876737376,135.89132690429688
2017-03-27,138.82131474447257,134.79019906771643,138.56936645507812
2017-03-28,140.06243639553563,137.8789073342594,139.85714721679688
2017-03-29,141.29410177531696,139.1105878094081,141.22879028320312
2017-03-30,141.24746611969596,139.04528525819148,139.48385620117188
2017-03-31,139.25054759801523,137.79487165815684,138.3454132080078
2017-04-03,138.91464325714188,136.04060974047854,136.39520263671875
2017-04-04,137.16966910400438,135.01414801051212,136.0219268798828
2017-04-05,136.96437601139047,134.85551417740592,135.07012939453125
2017-04-06,135.56472254557448,134.38898736410843,135.15414428710938
2017-04-07,135.42470127102618,134.21163354545226,134.28628540039062
2017-04-10,136.10588776651102,133.7823967012948,135.76063537597656
2017-04-11,136.10591703307358,134.59425571337482,135.65802001953125
2017-04-12,135.52741247101574,133.763802465762,134.26768493652344
2017-04-13,134.71556691041812,133.3065499893127,133.62380981445312
2017-04-17,134.7809117070418,133.28790230712747,134.57562255859375
2017-04-18,129.8166277448408,126.34539405717722,128.39828491210938
2017-04-19,129.0608320342093,126.90531029195203,126.98928833007812
2017-04-20,129.20075852782637,126.86794124733136,128.45425415039062
2017-04-21,128.16502966126544,126.09348608896285,126.83065032958984
2017-04-24,128.24897647728255,126.67198957751252,127.04523468017578
2017-04-25,126.81200744754601,124.87111499324718,125.97219848632812
2017-04-26,127.82907387808983,126.1214497458271,126.93326568603516
2017-04-27,130.25524804058313,127.31590247802778,129.5087432861328
2017-04-28,129.6953298222522,128.48226184682892,129.04212951660156
2017-05-01,129.83532232019047,128.37964611832757,129.2101287841797
2017-05-02,130.5351237165344,127.99701736581068,129.90060424804688
2017-05-03,129.76066359943763,128.081031824824,128.96751403808594
2017-05-04,133.19458071326054,129.2754351102229,132.7093505859375
2017-05-05,133.18525676736877,131.45897978952502,132.009521484375
2017-05-08,132.59734132676772,131.0203545502649,131.4495849609375
2017-05-09,133.33457950965484,131.97220718054658,132.96133422851562
2017-05-10,133.89444717219752,132.14948936390206,133.65182495117188
2017-05-11,136.85239684891664,132.77462254594533,135.9565887451172
2017-05-12,135.86332325240923,134.38898059778487,134.91152954101562
2017-05-15,137.33765063017344,134.59426869895591,135.6113739013672
2017-05-16,135.8539378021238,134.24895844410065,135.22874450683594
2017-05-17,135.22880830882488,132.28946297219946,132.54139709472656
2017-05-18,134.75294185926492,131.1977284635337,131.98155212402344
2017-05-19,145.37184763267248,141.83530260241096,142.7777557373047
2017-05-22,148.05928996331636,143.21635755485752,145.02662658691406
2017-05-23,149.3003451749214,146.9302084601613,148.36721801757812
2017-05-24,151.16658617544022,147.56471509579848,150.4480743408203
2017-05-25,152.47299433988593,149.77625702630135,151.50254821777344
2017-05-26,152.00637214729278,150.34540734063071,150.42005920410156
2017-05-30,152.7996001003761,149.77626242905708,151.26927185058594
2017-05-31,152.4262921622149,149.86019306344622,152.1836700439453
2017-06-01,155.10944265364242,151.6789776533421,155.0907440185547
2017-06-02,155.16555436507736,153.70737432900887,154.8851318359375
2017-06-05,155.33376056829127,153.5484332460762,155.07203674316406
2017-06-06,154.69812661949138,150.72551611717816,151.3704833984375
2017-06-07,151.5948233977798,150.1273016278749,151.0433349609375
2017-06-08,152.23973459291804,150.4917910252533,151.5667266845703
2017-06-09,152.83800860135634,151.0713658720058,152.72584533691406
2017-06-12,153.8288304536594,150.84703351092068,151.21157836914062
2017-06-13,152.2771318449777,150.77221336421027,151.5667266845703
2017-06-14,153.875599002869,151.21162098444657,152.70718383789062
2017-06-15,154.11862052467828,150.94987953705242,153.21192932128906
2017-06-16,153.76342079840805,148.53827211047712,149.39822387695312
2017-06-19,151.5948907241824,149.1085134301899,151.19296264648438
2017-06-20,151.5761087340434,150.2487913191605,150.46377563476562
2017-06-21,152.5295259240074,149.62252376322817,152.23976135253906
2017-06-22,156.3152553882857,152.23048040628026,154.76361083984375
2017-06-23,156.18435640557155,153.52972111950302,156.06285095214844
2017-06-26,157.58645874824927,155.7263512638749,156.67042541503906
2017-06-27,158.24079607994761,155.23097174190582,155.8105010986328
2017-06-28,157.43690352734095,155.09073134773658,155.7450408935547
2017-06-29,156.3806872060977,151.74440959514365,152.95956420898438
2017-06-30,154.52988525716356,152.61368200087105,153.80078125
2017-07-03,156.1375771791534,153.74466630481754,153.8101043701172
2017-07-05,155.39921831830182,153.15586688682893,154.48318481445312
2017-07-06,155.5113737607445,151.6602821013976,152.4361114501953
2017-07-07,154.48317390617862,152.0902620781396,153.93167114257812
2017-07-10,154.80098524919455,152.93152102990007,153.95973205566406
2017-07-11,154.9131314317517,152.95954496140746,154.417724609375
2017-07-12,156.4647936257143,154.29622273704507,155.4833221435547
2017-07-13,156.13762020976765,154.2962113717475,155.47396850585938
2017-07-14,157.34341030547728,154.88506103392496,156.5675811767578
2017-07-17,157.8481588546836,155.79175169055142,157.14710998535156
2017-07-18,156.70780408995634,154.3803306867943,154.614013671875
2017-07-19,155.40855284366864,151.97808776957498,154.09059143066406
2017-07-20,155.9786942199835,153.86620544168008,154.2961883544922
2017-07-21,155.3337692231769,153.8755894696846,155.0907440185547
2017-07-24,156.43676811960913,154.23079974665688,155.85723876953125
2017-07-25,157.10975924581697,155.17485712300535,156.6891326904297
2017-07-26,156.63308071743174,153.58584463436117,155.49270629882812
2017-07-27,153.13715157288982,145.90232046055206,151.9219970703125
2017-07-28,152.4454054314397,148.94016119080885,151.90325927734375
2017-07-31,152.17431578756373,150.93112097894561,151.3050079345703
2017-08-01,152.78194392049687,150.07122680128663,150.73487854003906
2017-08-02,150.2020781274481,144.8834510923834,149.19256591796875
2017-08-03,147.7343778630121,143.9206700455347,145.2012481689453
2017-08-04,146.4818360568678,143.9300078097864,144.5936737060547
2017-08-07,145.51905822753906,143.76177191949574,145.51905822753906
2017-08-08,147.99612655631114,144.93020658642862,146.99595642089844
2017-08-09,146.5472830448332,143.54680128694616,144.20111083984375
2017-08-10,143.35050629324257,141.17257892745897,141.20997619628906
2017-08-11,141.6492624530755,139.95740003671273,140.200439453125
2017-08-14,141.7988468836656,139.24703242124045,139.349853515625
2017-08-15,139.91065205935166,139.25634263751556,139.51806640625
2017-08-16,140.13498675599777,137.52709136527776,138.00379943847656
2017-08-17,139.58351863115504,136.882143966301,137.24668884277344
2017-08-18,137.64861275769502,136.17173466240757,136.47085571289062
2017-08-21,137.2093310789945,135.65768649260573,136.6017608642578
2017-08-22,139.31242658329535,136.11564541522662,138.60203552246094
2017-08-23,138.779585045397,136.9755458584111,137.5831298828125
2017-08-24,138.45248777895281,137.16256742482355,137.28407287597656
2017-08-25,138.36838046475717,137.5551681674514,137.94775390625
2017-08-28,139.10681223104297,137.55515380903515,138.64878845214844
2017-08-29,138.42446796991993,137.26540933850757,137.60191345214844
2017-08-30,137.90169578517475,136.5244578085538,137.44261169433594
2017-08-31,140.86230393361896,137.6955912247944,139.88792419433594
2017-09-01,141.3495039178836,139.55066519920487,139.9816436767578
2017-09-05,140.1034372844936,137.48013962659593,138.4919891357422
2017-09-06,142.87660812230308,139.25082598595142,142.4924774169922
2017-09-07,146.5960930694574,142.44563706889352,146.00584411621094
2017-09-08,150.63409901364153,146.84904643683967,147.0364227294922
2017-09-11,149.8283357789221,147.47673307707507,149.19125366210938
2017-09-12,149.01326318206276,142.7641706105305,146.49301147460938
2017-09-13,147.8327954473411,145.90279221101815,147.729736328125
2017-09-14,145.20953664292776,141.78985718364112,142.1083984375
2017-09-15,142.32387961227892,139.95353379565464,140.42198181152344
2017-09-18,141.38695290789104,138.6699464277431,139.0540771484375
2017-09-19,141.68673981547315,138.8947944922732,139.00721740722656
2017-09-20,141.1995249128651,138.6886375778092,140.7029571533203
2017-09-21,143.56993350612666,140.26269210797253,142.9422149658203
2017-09-22,144.60987624602748,142.11772992156514,144.29132080078125
2017-09-25,144.9283684739991,143.17637844806976,144.7597198486328
2017-09-26,146.08081078345785,144.31944187130244,145.1064453125
2017-09-27,146.4743060767221,144.60051421913303,146.10891723632812
2017-09-28,145.66855425600357,142.50185618897643,144.01962280273438
2017-09-29,146.40871120962615,143.46685895859594,143.91656494140625
2017-10-02,146.41810127262423,143.91659074439312,145.46246337890625
2017-10-03,145.96837748161118,142.82040682805922,144.27259826660156
2017-10-04,146.3431216413541,143.66359907162118,143.91656494140625
2017-10-05,144.81598994712817,143.24199757709798,144.01962280273438
2017-10-06,145.94964888853715,139.57875361557524,141.74298095703125
2017-10-09,142.40816653195657,137.1896498831963,138.791748046875
2017-10-10,141.09655227487363,139.02600569324434,139.9816436767578
2017-10-11,140.69363143121436,139.48504221791674,140.4781494140625
2017-10-12,141.9397040339734,139.81294670995388,141.16207885742188
2017-10-13,141.38694518270972,136.09347546345194,137.88294982910156
2017-10-16,139.2227039189527,136.3932749594013,137.3582763671875
2017-10-17,138.19214203127711,136.4307732056153,137.17092895507812
2017-10-18,138.7729958086358,136.63687461316363,136.98353576660156
2017-10-19,140.93721503927736,137.0959511991088,140.49688720703125
2017-10-20,142.38009106001877,140.7686287420617,141.2651824951172
2017-10-23,141.09652909131458,138.8292284195404,138.94166564941406
2017-10-24,141.1058866545567,137.7236920135447,140.30015563964844
2017-10-25,142.8766044508328,139.7661036427261,141.82728576660156
2017-10-26,152.3486360178323,133.6013550486524,134.48202514648438
2017-10-27,134.56635842491534,125.92817735713929,127.06181335449219
2017-10-30,128.4015692215175,125.77825818419512,126.49967193603516
2017-10-31,132.42086636641062,127.18362158625001,129.17921447753906
2017-11-01,133.91055362617055,129.29166268363505,130.8562774658203
2017-11-02,131.83061265283962,127.12739179304573,128.4109344482422
2017-11-03,130.18167602675285,127.64269626864849,128.92623901367188
2017-11-06,128.4858829092986,126.27480836185048,126.67768096923828
2017-11-07,129.17918590210834,126.76199323922108,128.28912353515625
2017-11-08,132.78625894078388,127.74576845288712,131.50271606445312
2017-11-09,133.51699167963739,130.4065056080435,131.26844787597656
2017-11-10,131.92430288666236,128.49526063072815,128.92623901367188
2017-11-13,131.56830382702353,127.12742575382453,129.3385009765625
2017-11-14,129.27292820036473,126.50908738655254,127.5771484375
2017-11-15,130.18168353369714,126.82759446816074,130.0973663330078
2017-11-16,133.99483608933656,129.76006323575942,133.6950225830078
2017-11-17,133.82622945504986,131.99928500165743,133.16104125976562
2017-11-20,133.03920252520587,128.19545299384487,129.5164794921875
2017-11-21,133.9480043878867,129.6570195650244,133.85430908203125
2017-11-22,137.35827898068106,133.6106961852689,136.59939575195312
2017-11-24,137.18033469089,134.9598953557083,135.53140258789062
2017-11-27,136.74929002991792,135.1752979654513,135.70933532714844
2017-11-28,138.52943546890853,135.52199318507363,138.42637634277344
2017-11-29,142.77357527893534,138.30457753103389,138.7730255126953
2017-11-30,140.37873655854963,135.6553112619934,138.7353973388672
2017-12-01,138.73546812486873,135.10132922412222,137.46774291992188
2017-12-04,144.23827894966237,135.51448473936696,143.7593536376953
2017-12-05,143.97529320920415,138.42549886096674,141.50558471679688
2017-12-06,142.9799680497706,140.51965784577146,141.299072265625
2017-12-07,142.07851106248773,139.97503030359,140.86712646484375
2017-12-08,143.7218130269082,140.71685155084467,143.2710723876953
2017-12-11,145.55295923886408,143.00812377589276,144.43548583984375
2017-12-12,146.20087355611497,144.5199639997099,145.13035583496094
2017-12-13,147.46858834824127,144.37911632631372,145.75013732910156
2017-12-14,151.42202671278213,146.6798146383455,147.61886596679688
2017-12-15,154.27674307789718,147.9569313778347,152.68975830078125
2017-12-18,151.00882111342182,147.2056608893265,150.49234008789062
2017-12-19,152.05119428077225,149.92894336848008,150.2200469970703
2017-12-20,152.02304224540063,149.92896147467445,150.84922790527344
2017-12-21,151.74127902407233,149.37488033153448,149.6753692626953
2017-12-22,150.34212332088006,147.881799098329,148.78329467773438
2017-12-26,150.37025309894275,147.65639606761837,149.2152099609375
2017-12-27,149.44061833382221,147.51556036715218,148.38888549804688
2017-12-28,149.13073904290638,146.8394515109665,148.11656188964844
2017-12-29,148.69880039967632,146.35117181318813,146.445068359375
2018-01-02,149.38429941593395,147.11179673241205,149.30917358398438
2018-01-03,148.93355389749604,145.5811336088804,147.2056884765625
2018-01-04,148.50159411892326,143.20534457152777,145.60931396484375
2018-01-05,147.6470249650751,145.32756721651114,147.581298828125
2018-01-08,150.135529989011,146.62347288537524,149.45001220703125
2018-01-09,151.58168690720973,148.07902892833096,150.84922790527344
2018-01-10,150.92433580487577,148.09779636815244,150.87738037109375
2018-01-11,152.8681000448636,149.4875251735018,152.40797424316406
2018-01-12,156.17361983828303,152.4080292733288,156.11727905273438
2018-01-16,161.3572335430687,156.3520869384375,160.258544921875
2018-01-17,163.2446707634792,160.3523911071672,162.29623413085938
2018-01-18,161.51683414500948,159.0471244795572,161.31024169921875
2018-01-19,162.568583501199,158.9062885537805,159.976806640625
2018-01-22,163.28227586152227,160.02376608093812,162.41835021972656
2018-01-23,162.48405156556663,159.88287535208545,160.20216369628906
2018-01-24,167.12298959120977,161.86429568027393,163.93960571289062
2018-01-25,164.74716702752306,161.49804313289587,164.52178955078125
2018-01-26,167.15112694169213,164.83166914625457,165.9491424560547
2018-01-29,167.9587303631309,165.05706503847588,165.5829315185547
2018-01-30,161.79855509763624,157.01878702836018,161.28207397460938
2018-01-31,163.41374497948684,157.90150296675301,158.58702087402344
2018-02-01,157.76064818328462,150.64263626603656,156.13609313964844
2018-02-02,154.99043485498646,148.89598617278125,149.50637817382812
2018-02-05,149.91017383603975,143.10205078125,143.10205078125
2018-02-06,145.87217638189486,139.03588636625938,143.22406005859375
2018-02-07,146.7643693245214,142.06911129044408,143.5152587890625
2018-02-08,146.19151184352762,140.97978815173016,141.0736846923828
2018-02-09,142.9329911700521,136.0215736820512,139.85289001464844
2018-02-12,142.22872659689932,138.8950913725164,139.93743896484375
2018-02-13,138.41618228082527,134.3594873422884,137.27053833007812
2018-02-14,140.94220751310053,136.17182514446102,139.70266723632812
2018-02-15,140.50079647968352,137.29864367732753,139.63687133789062
2018-02-16,142.77335747054306,139.0359372006686,141.3272247314453
2018-02-20,141.4868829936074,138.90449145606894,139.77781677246094
2018-02-21,142.18176708730883,139.58997621376434,140.47268676757812
2018-02-22,143.50580441872017,140.25668111699008,140.9421844482422
2018-02-23,143.74059030536216,141.13941417535415,143.34617614746094
2018-02-26,145.80647647479447,142.9423675936366,145.10218811035156
2018-02-27,145.9098298339423,142.59497911302947,144.3134307861328
2018-02-28,144.84043457763204,140.31358490684732,140.44534301757812
2018-03-01,141.49002210313992,137.17022232183717,137.91371154785156
2018-03-02,141.31115000883088,136.28550196204841,141.07586669921875
2018-03-05,143.17467537522649,139.2501495421146,142.40293884277344
2018-03-06,142.96763863802477,141.15124294118897,142.2711944580078
2018-03-07,143.25936582616086,141.1135822459012,142.81703186035156
2018-03-08,144.98161194307426,142.8170021195626,144.9157257080078
2018-03-09,147.06148969991085,145.02865261112598,146.61915588378906
2018-03-12,148.97202577296576,146.59095900095772,148.51087951660156
2018-03-13,151.400130798432,148.10616378234238,148.40733337402344
2018-03-14,149.43316180842345,144.93454525393162,146.28977966308594
2018-03-15,147.65444127315175,144.55811822932353,144.8969268798828
2018-03-16,145.1510171869874,142.8170101037764,143.3628692626953
2018-03-19,143.5228978490089,138.81722906707418,138.93016052246094
2018-03-20,139.97476921370097,132.4362957066398,133.46212768554688
2018-03-21,135.99378272667047,132.90686617763626,134.5067901611328
2018-03-22,135.30675663645587,132.85980398536609,133.3491973876953
2018-03-23,134.16801928673763,130.67642126749686,130.855224609375
2018-03-26,132.76568462641796,129.029384189267,131.0904541015625
2018-03-27,132.5681296478319,129.80119351884937,130.58233642578125
2018-03-28,134.11153462885866,131.1375490810811,132.37985229492188
2018-03-29,133.60329990351875,131.93748981292927,132.57745361328125
2018-04-02,134.03625445238973,129.44351758529862,131.57989501953125
2018-04-03,133.01979257017658,129.87641043091827,132.25747680664062
2018-04-04,133.78211586211364,130.6387335459659,133.0292205810547
2018-04-05,135.33497783329534,132.4833449478394,134.21502685546875
2018-04-06,133.72566696429328,130.93991960880984,131.48577880859375
2018-04-09,133.63155429595378,130.58227650717456,131.78692626953125
2018-04-10,135.77734452265307,132.81276515300573,134.77032470703125
2018-04-11,135.69264810739972,132.88807374091456,134.65740966796875
2018-04-12,136.05024924228886,134.2056357220925,135.4667510986328
2018-04-13,136.2855624099345,133.27393758323842,134.44094848632812
2018-04-16,141.82880882238598,133.53742538000526,139.17481994628906
2018-04-17,141.88530135732674,139.33483725352164,140.69947814941406
2018-04-18,141.9605978527932,140.04069150470247,140.492431640625
2018-04-19,139.99359929612484,137.59370615036568,138.44073486328125
2018-04-20,138.93009511415775,136.5584495042379,137.6407470703125
2018-04-23,140.11598454179395,137.85725513105038,139.59835815429688
2018-04-24,142.24291658548958,139.19363887633386,140.1253662109375
2018-04-25,143.20291099050738,139.18426596526032,142.77940368652344
2018-04-26,145.1227897398835,141.33002270308393,144.8969268798828
2018-04-27,149.32022593555416,143.97458085469293,148.82142639160156
2018-04-30,151.37191923406613,146.99565389855323,147.0144805908203
2018-05-01,147.6638391795459,143.95578528320672,145.1322021484375
2018-05-02,148.93436421681355,144.4545742923198,145.5274658203125
2018-05-03,142.11114080035208,137.05725913018097,137.9607391357422
2018-05-04,139.38186520456736,136.76551544659378,138.17721557617188
2018-05-07,139.73946967138193,135.0432236511673,135.78671264648438
2018-05-08,137.1608253872264,134.17743339504668,135.53265380859375
2018-05-09,137.24549789576696,135.13735371872227,136.28553771972656
2018-05-10,140.3417865063424,136.93488871580072,138.59127807617188
2018-05-11,141.64061554858367,137.16082450568587,140.4265594482422
2018-05-14,142.8076069140031,141.21708895170525,142.12998962402344
2018-05-15,142.82637607042741,140.0218030216943,140.78411865234375
2018-05-16,142.28057892207025,140.23832061610835,141.3206329345703
2018-05-17,142.92052711631635,140.6994515870747,142.10174560546875
2018-05-18,142.60996943402938,140.08773834674975,140.1536102294922
2018-05-21,140.68065770429246,137.52786850968675,137.87608337402344
2018-05-22,139.04302560557278,137.23605156576426,137.81954956054688
2018-05-23,138.75127107700698,137.3207588464742,138.1865997314453
2018-05-24,136.7372756400058,130.59167522515025,135.55145263671875
2018-05-25,138.0454354872919,134.62913112756718,137.22665405273438
2018-05-29,136.37020872593348,131.88101324757102,132.90684509277344
2018-05-30,136.54908442478242,133.1515912098234,135.9279327392578
2018-05-31,135.63547233745462,133.2393588861851,133.8997039794922
2018-06-01,135.05054681836336,133.4185342189726,134.1826629638672
2018-06-04,135.75812239649744,133.53180564600825,134.71099853515625
2018-06-05,135.7298071356124,134.3619320277061,135.62603759765625
2018-06-06,138.05992468838917,135.7486948511378,137.39013671875
2018-06-07,138.0787798352824,135.65436649635473,137.38070678710938
2018-06-08,137.8806184079223,135.73920088579973,137.13536071777344
2018-06-11,138.08820459565095,136.18262491294098,136.98448181152344
2018-06-12,137.64481194343477,135.62603457276626,137.29576110839844
2018-06-13,141.82383575738012,137.81458128983195,141.05029296875
2018-06-14,142.67292319550955,140.36169342332053,141.50315856933594
2018-06-15,142.51255467646445,140.748472178077,141.50315856933594
2018-06-18,140.96537972660636,137.40894555056747,137.7674102783203
2018-06-19,138.76743407791906,136.12603895364322,138.42782592773438
2018-06-20,140.1164139154383,137.71085755630412,139.14476013183594
2018-06-21,139.91827429610373,137.99382404624072,138.16363525390625
2018-06-22,140.9654275930752,138.70138300750972,140.44659423828125
2018-06-25,140.59750996567635,137.2014433294141,137.79576110839844
2018-06-26,138.3334482834296,135.7203533273176,136.72030639648438
2018-06-27,137.78634288262796,135.616624859776,136.4656524658203
2018-06-28,131.36205150481658,123.98501592210873,128.10748291015625
2018-06-29,128.54146959032425,125.31519916353076,125.84347534179688
2018-07-02,127.87166963454985,124.56992980684926,127.2396240234375
2018-07-03,127.9094079968515,126.22081010813244,126.94719696044922
2018-07-05,129.0413930951053,126.53208228270339,128.33387756347656
2018-07-06,130.47532230249342,128.1075083480599,130.06968688964844
2018-07-09,131.85259202891535,129.588533802237,130.43756103515625
2018-07-10,131.93750719807207,130.3243653266648,130.6734161376953
2018-07-11,129.39992608284666,126.37176640829388,127.06983947753906
2018-07-12,128.32448382614484,126.73021276164059,128.27731323242188
2018-07-13,129.70176478216712,127.77731429212606,128.8527374267578
2018-07-16,129.0225725658494,127.2207623852734,127.89997863769531
2018-07-17,128.27730948165657,126.80567912497294,126.95661926269531
2018-07-18,127.79618120265873,125.65476336313564,126.73018646240234
2018-07-19,127.2584849357408,122.2398477174452,126.23023223876953
2018-07-20,126.23019017119495,124.02274537543154,125.37173461914062
2018-07-23,126.24910292682152,124.71143086969042,125.11708068847656
2018-07-24,126.54153188973076,124.43785605288619,124.5038833618164
2018-07-25,125.95665602227938,123.47562988566133,125.7962875366211
2018-07-26,124.68313563515626,119.34375405977508,119.86259460449219
2018-07-27,119.57958344972558,115.95709948700238,116.87215423583984
2018-07-30,119.7116648686179,116.61746384485677,118.768310546875
2018-07-31,120.61728864793001,118.00419304889581,118.48530578613281
2018-08-01,119.80601144195188,117.47592487101335,117.72119903564453
2018-08-02,117.8344061390277,116.03259571032224,116.96651458740234
2018-08-03,119.73051058340022,116.8815841316902,119.06072998046875
2018-08-06,120.9946274718323,118.25890553043604,119.5701675415039
2018-08-07,120.82483059294151,118.39097456772183,119.5701675415039
2018-08-08,119.57016489418228,116.78727241655977,117.03253936767578
2018-08-09,117.66459655446764,116.6269009648409,116.86273956298828
2018-08-10,116.83443066445807,115.68353724671954,116.1646499633789
2018-08-13,119.75883737867119,115.985419804585,118.89095306396484
2018-08-14,119.90975484398972,118.92866559672672,119.50411224365234
2018-08-15,119.51354450032578,117.72117010188943,119.25883483886719
2018-08-16,120.81540496395539,118.5985163653216,119.89090728759766
2018-08-17,123.18318480401803,119.56070117928772,122.05116271972656
2018-08-20,123.62660273350743,121.88139125477467,123.24925231933594
2018-08-21,123.57942931730756,122.41910740836097,123.00398254394531
2018-08-22,123.00395569282966,121.69269390789441,122.37191009521484
2018-08-23,122.99452819429723,121.89080548078022,122.03230285644531
2018-08-24,123.18320100956883,121.98513706881339,122.32474517822266
2018-08-27,124.3246524038573,122.40964439510513,122.93793487548828
2018-08-28,123.21151700303801,121.88138386333594,122.63607025146484
2018-08-29,123.68319419631287,122.17382142005506,122.63607025146484
2018-08-30,123.20206928660545,120.97575270831597,122.61717987060547
2018-08-31,122.9010243917942,120.77208986118417,121.8223648071289
2018-09-04,122.0589450462539,117.15766308819941,117.23336029052734
2018-09-05,117.57397739817793,115.89921127273679,116.78863525390625
2018-09-06,119.35283952813124,116.63726176599744,118.74727630615234
2018-09-07,123.01457890809665,117.66859283490443,122.75911712646484
2018-09-10,124.55689047817734,122.6834317108892,123.34576416015625
2018-09-11,123.18492291753657,122.20087368151755,123.08084106445312
2018-09-12,124.5001078589433,122.19139405058502,123.27951049804688
2018-09-13,124.76502769921028,122.44685739968412,122.63609313964844
2018-09-14,123.65800499670961,121.53852680180692,121.64260864257812
2018-09-17,125.37059127171321,120.69639484180523,124.6893310546875
2018-09-18,126.56279990623408,123.59175377302373,125.91939544677734
2018-09-19,128.13351925310369,125.96674253780563,127.04540252685547
2018-09-20,129.30680442329572,127.23463839235059,128.54039001464844
2018-09-21,128.75798477724075,127.05483396581617,127.68878173828125
2018-09-24,127.6698275964514,124.68932511721115,125.5030517578125
2018-09-25,125.88156668811953,124.30142540367888,124.63259887695312
2018-09-26,125.8815408996172,124.34871248791677,124.85966491699219
2018-09-27,126.5533737229498,124.30142869568239,124.60421752929688
2018-09-28,126.23166658745042,123.87563979346213,125.5125503540039
2018-10-01,127.10217640621863,125.04893821437119,125.20033264160156
2018-10-02,126.09915198374736,125.20027147260414,125.39896392822266
2018-10-03,126.15597786533047,123.14707510454323,123.4782485961914
2018-10-04,126.3641293501085,123.3173854978995,125.1435317993164
2018-10-05,128.14291435919745,125.1718688402117,126.86556243896484
2018-10-08,129.57171044311676,126.28841859712321,128.72959899902344
2018-10-09,129.70418816273553,127.0832285000004,129.4770965576172
2018-10-10,131.4640584700428,128.1145271460433,128.2091522216797
2018-10-11,128.06728356073538,122.19141614384989,122.28604125976562
2018-10-12,124.67989672296316,121.92647072090399,123.75261688232422
2018-10-15,125.31387136855791,122.910531756614,124.30143737792969
2018-10-16,126.66687352309636,123.98914515169737,126.26001739501953
2018-10-17,129.74202490065673,125.6639339549056,127.77394104003906
2018-10-18,128.09563489375196,124.85018484040238,125.55982971191406
2018-10-19,127.78337167758268,125.08671576511044,125.26649475097656
2018-10-22,124.51904335045961,118.6810252361463,119.91107940673828
2018-10-23,121.0086400380916,117.98082487912012,120.44092559814453
2018-10-24,121.51960873238315,114.85841369697465,115.03819274902344
2018-10-25,116.9778578910389,111.42370865627082,115.42610168457031
2018-10-26,114.4893861904285,110.88439212538363,112.01982116699219
2018-10-29,115.65321529363425,113.0322556954274,114.27176666259766
2018-10-30,117.51719540361555,113.74188646530685,117.4415054321289
2018-10-31,119.20143800268349,116.97787791862409,118.04708099365234
2018-11-01,122.24815531308063,118.66208953272071,122.14407348632812
2018-11-02,123.00512540045042,117.0346481622092,118.66210174560547
2018-11-05,121.01811992301333,118.69994209462308,120.28009033203125
2018-11-06,122.85372846199364,117.51719909442869,121.68045806884766
2018-11-07,125.70177560836906,122.11569520355255,125.57876586914062
2018-11-08,127.84964061913193,124.35818485340049,125.43685913085938
2018-11-09,125.79635975873109,122.72123242815252,123.7715072631836
2018-11-12,124.72718800015184,123.23220109017664,123.44982147216797
2018-11-13,124.45278486902967,122.26708098492911,123.14703369140625
2018-11-14,124.76502097721753,121.02756117268078,121.95482635498047
2018-11-15,121.519589244056,117.44150596358351,120.61125183105469
2018-11-16,121.27358276259764,117.05356188548917,117.223876953125
2018-11-19,120.62069828977066,117.13870742980784,119.40010833740234
2018-11-20,119.57990856280404,115.73836601356396,115.95599365234375
2018-11-21,116.5237010582041,114.93409609748588,115.25579833984375
2018-11-23,114.95302352408625,112.59700419704843,114.64078521728516
2018-11-26,115.76673211922316,113.2498620579405,114.14874267578125
2018-11-27,119.02162744598549,113.84595018482689,118.92700958251953
2018-11-28,120.31794738769531,117.77268501826421,120.31794738769531
2018-11-29,121.09380339021416,118.70939259237407,120.17599487304688
2018-11-30,120.49870622996943,116.90158737186684,118.16390228271484
2018-12-03,120.71700966983923,116.7687181951475,120.68853759765625
2018-12-04,121.31493805838188,118.22084512948787,118.6859130859375
2018-12-06,120.04315448090684,113.9119118866763,119.96722412109375
2018-12-07,121.22001496891816,118.35370617143148,118.58149719238281
2018-12-10,118.56253506869285,114.57628552687883,116.83515930175781
2018-12-11,119.07504623687723,114.52881967340443,115.93350219726562
2018-12-12,119.70146282575513,115.7531714138404,117.05345153808594
2018-12-13,118.14492549555618,115.12676282686188,116.60736846923828
2018-12-14,115.69623035228769,110.30529831387283,110.72290802001953
2018-12-17,110.04902049674955,105.607196753201,106.20513916015625
2018-12-18,107.61928964457718,103.0256132130585,103.63304138183594
2018-12-19,107.24914314994074,102.47513377715457,104.999755859375
2018-12-20,108.58738552881044,103.16797568208096,104.2689437866211
2018-12-21,106.3475203925068,102.30431957397914,102.82632446289062
2018-12-24,104.15507116159176,100.70981300954149,102.721923828125
2018-12-26,105.22756670253209,101.18436612673936,105.14214324951172
2018-12-27,105.46481880062785,102.27581729971108,105.40786743164062
2018-12-28,106.21463018625681,103.57610509509415,104.4397964477539
2018-12-31,105.607197369673,103.96524530928986,104.84791564941406
2019-01-02,108.378592962792,103.60458316640475,107.31558990478516
2019-01-03,108.6158609084197,106.19563396961321,107.19219970703125
2019-01-04,109.12838065753608,106.3285092617209,108.51145935058594
2019-01-07,111.50117027975104,108.48300765304613,109.48905944824219
2019-01-08,112.61161534291219,110.15342295564182,111.71945190429688
2019-01-09,112.85840708721534,111.32084991098577,112.24148559570312
2019-01-10,116.35109877546687,111.47268622504592,115.82909393310547
2019-01-11,116.2277058160793,114.08272079731972,115.94297790527344
2019-01-14,116.31313555499415,114.2345876603403,115.49690246582031
2019-01-15,116.85413408287431,114.85151640307724,116.7876968383789
2019-01-16,118.45811935983552,116.2846620479858,117.30970001220703
2019-01-17,118.77130936917386,117.06291301014792,118.05947875976562
2019-01-18,120.84987949408999,118.64795002331343,120.22346496582031
2019-01-22,119.6255265519048,117.83171371052755,119.46417999267578
2019-01-23,120.39431400872263,118.15441918837378,119.70146942138672
2019-01-24,120.34684084779192,118.12592540412969,119.08452606201172
2019-01-25,122.06475039040109,120.12856967841692,120.58414459228516
2019-01-28,120.38480756344077,118.34423196454725,119.3692626953125
2019-01-29,119.76791766016903,118.08799277023427,118.9137191772461
2019-01-30,119.66350312992586,117.98357840973567,118.60999298095703
2019-01-31,123.36498965109656,118.85673623592601,121.72303771972656
2019-02-01,121.22949794437974,116.22769762084992,120.849853515625
2019-02-04,125.52898406982422,121.15360406450714,125.52898406982422
2019-02-05,126.94313267086467,124.84559864856976,125.06390380859375
2019-02-06,126.44010629718476,124.33308642213943,125.87063598632812
2019-02-07,126.69634213874843,123.65918711030726,123.95342254638672
2019-02-08,123.93445976230532,121.04917207767004,121.9508285522461
2019-02-11,124.22868721683747,121.68508592250227,123.7920913696289
2019-02-12,127.64547255045714,122.31147856667026,127.18040466308594
2019-02-13,128.4142625915551,126.82925461995644,127.34176635742188
2019-02-14,128.6135634866561,125.48152004542663,127.55056762695312
2019-02-15,129.2304963629969,127.61701631358314,128.66102600097656
2019-02-19,130.17965200862648,127.69297929138273,129.36341857910156
2019-02-20,128.98373234309548,127.0570448451911,127.21839141845703
2019-02-21,127.39870531620763,124.79815983793036,125.2347412109375
2019-02-22,125.68081980671984,124.15275607468334,124.79815673828125
2019-02-25,125.67136080007276,123.29859142230039,123.55484008789062
2019-02-26,123.69722507511489,120.51771529660807,120.67906188964844
2019-02-27,120.95427368242605,119.39773781288422,120.93528747558594
2019-02-28,122.29668230856288,120.51639231236257,121.05905151367188
2019-03-01,122.33477122476381,118.08875591222204,118.55524444580078
2019-03-04,118.7266115514031,114.0045853392257,114.3377914428711
2019-03-05,115.12796694364705,111.23419500652058,111.53884887695312
2019-03-06,111.74828348015808,107.65459529933268,108.06396484375
2019-03-07,108.49238678100983,106.34081580997045,106.89299011230469
2019-03-08,107.07384427147451,105.21739824846067,106.49311065673828
2019-03-11,108.1496459567685,106.71209139144435,108.03540802001953
2019-03-12,110.3583338833697,108.52093204211731,110.0632095336914
2019-03-13,112.44327764986325,110.23458771264676,111.833984375
2019-03-14,112.64318717351291,110.92954551364974,112.07197570800781
2019-03-15,113.90938904951092,112.09102425671023,113.53810119628906
2019-03-18,115.62302358054593,113.97603023492455,115.54686737060547
2019-03-19,117.33665678826517,115.57541836216569,116.64167785644531
2019-03-20,116.80352154417976,114.64242864608158,114.86139678955078
2019-03-21,116.47982325289854,113.77608581438645,116.36558532714844
2019-03-22,116.14663201880639,112.82407875954688,112.8526382446289
2019-03-25,113.06209878923634,109.61577763068777,110.10131072998047
2019-03-26,111.32939420191954,109.45391072407531,110.29168701171875
2019-03-27,111.0723335201276,108.96836712566285,110.15839385986328
2019-03-28,111.4436427951297,109.51104016782081,109.7585678100586
2019-03-29,111.62451279999436,109.66335097613761,111.4436264038086
2019-04-01,113.22391508038915,111.74827887878952,113.13822937011719
2019-04-02,112.5384430150628,109.20636828700827,109.28253173828125
2019-04-03,112.13863262178944,108.41622443088048,109.55865478515625
2019-04-04,110.11081220420232,107.76883287932664,109.49199676513672
2019-04-05,112.16717306905797,109.56815117286516,111.10090637207031
2019-04-08,112.15765585063929,110.27265725971229,111.21515655517578
2019-04-09,111.35795057661579,109.11117936531654,110.24408721923828
2019-04-10,110.8914619312518,107.97827134888703,109.73950958251953
2019-04-11,110.35834279781405,108.03541501880883,108.71134948730469
2019-04-12,111.4912342386816,108.8922124458889,110.48209381103516
2019-04-15,112.85265454766372,110.52019699658558,111.58646392822266
2019-04-16,113.20488063817288,109.68239671190649,111.01522827148438
2019-04-17,111.62450393504902,106.35030475385109,107.09288024902344
2019-04-18,109.11118148297457,106.54072641400808,108.62564849853516
2019-04-22,109.34920657458234,106.5312233808803,107.0738754272461
2019-04-23,110.79626782445574,106.8453841152603,109.67288208007812
2019-04-24,110.4630506161358,108.5970893961628,109.79663848876953
2019-04-25,110.33930844325731,108.23534151115597,109.68241119384766
2019-04-26,112.21477729331357,110.22504857297683,111.93869018554688
2019-04-29,113.28102928480737,111.84348213782265,112.69078063964844
2019-04-30,114.56626440700245,112.19573289366826,113.528564453125
2019-05-01,114.80428323829902,112.95736624151127,113.30009460449219
2019-05-02,116.76545105470993,113.35721197293881,116.74640655517578
2019-05-03,119.326363853607,116.61310420113013,117.55561065673828
2019-05-06,119.19309379949767,115.50877509142919,118.92652893066406
2019-05-07,119.87854568758522,117.5365736662411,119.65006256103516
2019-05-08,126.82834088535286,117.92693882194354,125.38126373291016
2019-05-09,129.0084183017544,123.91511238495559,128.14208984375
2019-05-10,128.36106189496812,122.73461128628185,124.58153533935547
2019-05-13,123.57240339347574,119.28830630413357,120.38312530517578
2019-05-14,121.40177706663268,119.53581582002147,119.58341979980469
2019-05-15,120.61160496829046,117.21288853738504,120.24983215332031
2019-05-16,121.85875328720702,119.16453067054424,119.55486297607422
2019-05-17,120.81153556521842,118.40292221746641,119.00269317626953
2019-05-20,120.4973674331801,117.66986226425426,120.33552551269531
2019-05-21,124.18168616307003,120.33551845070821,122.17292022705078
2019-05-22,123.82942945656656,121.74449302002573,123.41053771972656
2019-05-23,124.44825357506693,122.03011079255897,122.89645385742188
2019-05-24,124.31499092334565,122.56327454383597,123.68665313720703
2019-05-28,125.31460114624616,123.13446366403711,123.8580093383789
2019-05-29,123.66758157749912,119.18356864548649,119.37397003173828
2019-05-30,120.44023265274936,116.87015230478244,117.90785217285156
2019-05-31,117.9747062431013,115.72083769707143,116.647216796875
2019-06-03,119.61736918123904,116.77137986620785,118.9583969116211
2019-06-04,122.82626960555137,120.19038775431332,121.823486328125
2019-06-05,123.77176966630437,120.47691509978623,121.64205169677734
2019-06-06,123.60939116288785,121.32687982017815,122.38695526123047
2019-06-07,125.30934224818951,122.81671635827739,124.42115783691406
2019-06-10,127.88793508321741,124.42117519889784,126.78009796142578
2019-06-11,127.97387548138255,125.74865634557072,126.6368408203125
2019-06-12,128.155364682301,125.98744441942867,127.99301147460938
2019-06-13,128.82386215294636,127.02840295681496,128.77610778808594
2019-06-14,128.93841889111246,127.03792111414175,127.14297485351562
2019-06-17,128.05982571314394,126.25482161853249,127.8115234375
2019-06-18,129.09122003533508,126.97105528026637,127.4676742553711
2019-06-19,129.2631396461207,127.13341516485501,128.8620147705078
2019-06-20,129.64515049683277,126.98062674386155,128.4036102294922
2019-06-21,128.4036386363842,126.39808659706517,127.0761489868164
2019-06-24,127.41995037921193,124.40205564566347,125.23294067382812
2019-06-25,127.27672713851904,124.49758907143247,125.87283325195312
2019-06-26,125.99694590743574,123.64758315820903,124.335205078125
2019-06-27,128.04076219723825,124.95600762125937,127.89749908447266
2019-06-28,128.89071750739026,126.76099239047781,128.34634399414062
2019-07-01,129.32999088901565,127.24803521991889,128.20306396484375
2019-07-02,130.14177892928808,126.19750531378864,129.75021362304688
2019-07-03,135.91018518755575,130.0081125051545,134.41079711914062
2019-07-05,137.28538956496268,132.78719751928028,133.73268127441406
2019-07-08,134.410746601935,131.48834649292056,134.1624298095703
2019-07-09,134.86917879886005,132.74901353203802,132.9782257080078
2019-07-10,134.70684945909565,132.0709599733843,134.66864013671875
2019-07-11,141.5639150824741,135.3657874908502,137.3522491455078
2019-07-12,139.76848378388337,136.40677801308436,138.09718322753906
2019-07-15,138.46966250392398,135.06974696039444,136.30174255371094
2019-07-16,136.77923181803985,133.0832748654019,136.5309295654297
2019-07-17,135.84333095098734,131.95635590483295,132.3956756591797
2019-07-18,133.5989694291176,130.3709676349983,133.39840698242188
2019-07-19,133.8186244053723,131.70801901876175,132.6534881591797
2019-07-22,133.98101439735188,131.75580961137936,132.5198211669922
2019-07-23,132.80632243255792,131.1063720804572,131.8990478515625
2019-07-24,134.56355240503882,131.7175706547195,134.05738830566406
2019-07-25,135.00288342032235,131.55522857140963,131.90858459472656
2019-07-26,133.03548348182443,131.4119378179884,132.7012176513672
2019-07-29,135.12701507426704,132.55798555742754,134.92645263671875
2019-07-30,136.8078540899217,132.84449102210812,136.11068725585938
2019-07-31,136.1488713918295,131.55518627528173,132.7012176513672
2019-08-01,143.24477847016135,136.8269836110052,141.58302307128906
2019-08-02,141.7358211925464,138.6510678180335,141.46841430664062
2019-08-05,140.61845621643354,137.6865105875343,138.15447998046875
2019-08-06,141.2965133447659,128.08846279669206,132.74900817871094
2019-08-07,133.29338066350502,127.0761336600221,132.94956970214844
2019-08-08,135.30850685774962,132.29062617843925,134.18157958984375
2019-08-09,135.25118232011963,132.92090957303265,133.885498046875
2019-08-12,136.8269738053516,133.03550848230088,136.2921600341797
2019-08-13,140.97179542576416,135.84329566309685,139.73025512695312
2019-08-14,139.11905002178167,134.78322547993233,135.4803924560547
2019-08-15,136.18712128504043,134.4489617647448,134.91693115234375
2019-08-16,139.18589336409136,134.44894441705787,138.75611877441406
2019-08-19,141.83130763168796,139.30048739428588,139.39599609375
2019-08-20,141.2964819570658,137.98253146713373,138.26904296875
2019-08-21,141.97461764610605,138.34550445468173,139.90220642089844
2019-08-22,143.44530837935284,140.75213501269636,141.1150360107422
2019-08-23,144.0374610135849,137.49550743207547,138.3359375
2019-08-26,141.05778104414668,139.07131896616065,140.46566772460938
2019-08-27,141.3347583407788,132.09006929836565,132.51028442382812
2019-08-28,132.74901602360615,130.78165883717196,131.88949584960938
2019-08-29,133.41752390974966,131.06816116139353,131.7557830810547
2019-08-30,133.13513669845892,130.8745496673788,132.44546508789062
2019-09-03,133.70984343163545,130.06033995431355,133.2883758544922
2019-09-04,135.6926578565188,133.17344040982388,134.6198272705078
2019-09-05,137.1869933280107,135.27124144756482,135.4149169921875
2019-09-06,137.97235618832093,135.54893277118882,137.5509033203125
2019-09-09,139.09315244140112,136.26740711638968,137.7329559326172
2019-09-10,137.21566948633085,133.70984154344248,136.82293701171875
2019-09-11,142.91502925966049,135.78843282297035,142.27325439453125
2019-09-12,142.86711070734134,139.77317724388553,139.9456024169922
2019-09-13,141.37285940161343,136.7367449036197,137.48388671875
2019-09-16,138.24062017851293,134.9646726087022,138.0873565673828
2019-09-17,139.54331885896946,137.62756754273306,137.6946258544922
2019-09-18,137.97243675671461,136.40152088184487,137.66592407226562
2019-09-19,141.07591465707807,138.21186140290936,139.56246948242188
2019-09-20,142.37864108596463,140.07015717966542,140.63531494140625
2019-09-23,140.3574914495337,134.03550750113865,136.9091339111328
2019-09-24,138.86322460402423,134.28458048105188,134.39952087402344
2019-09-25,138.68126844129068,133.79609561730106,136.3057403564453
2019-09-26,137.10075026255467,131.91863934454247,133.30755615234375
2019-09-27,133.82480462728563,125.85527273153886,129.8208770751953
2019-09-30,132.17726616293658,129.28447760837673,130.90328979492188
2019-10-01,132.57001252144093,129.6676498492881,130.0795440673828
2019-10-02,129.89754262691866,125.04110512561078,125.56793975830078
2019-10-03,126.69822750396067,123.13492860208117,125.5775146484375
2019-10-04,125.8648578123096,122.8571287783175,125.17518615722656
2019-10-07,125.4242694450639,123.83419198428665,124.74417114257812
2019-10-08,125.93191091261625,123.53722182492828,124.78246307373047
2019-10-09,127.14840748313719,124.54298478272604,126.65988159179688
2019-10-10,128.7672310394602,125.69245804346936,127.2154769897461
2019-10-11,130.4435072121607,127.7902020181829,129.06417846679688
2019-10-14,129.49519163060324,128.0679518689089,128.45111083984375
2019-10-15,132.79029961891067,129.45688199447758,132.34967041015625
2019-10-16,142.30197585540049,136.0183151827062,138.73867797851562
2019-10-17,144.6966647488329,138.9590000937282,144.16983032226562
2019-10-18,146.10473029816893,143.03953201049055,145.84609985351562
2019-10-21,146.84233172394744,138.31723015376946,141.14297485351562
2019-10-22,141.86137989144902,138.74828424224995,140.7310791015625
2019-10-23,141.23873390478147,138.62373798682003,139.90728759765625
2019-10-24,140.759782524188,137.83825972609807,139.46665954589844
2019-10-25,140.62570889545296,137.95324250896323,139.8115234375
2019-10-28,140.68317677104656,139.1409965572673,139.3517303466797
2019-10-29,143.20240656851064,138.72912913397212,143.1066131591797
2019-10-30,138.89198307266003,130.22320465423059,131.02781677246094
2019-10-31,131.0278032053458,125.92233887348408,127.3974609375
2019-11-01,131.75578765798278,128.17332776220516,131.33432006835938
2019-11-04,132.44545527911168,128.4511160230665,131.80368041992188
2019-11-05,136.66966438485292,131.85155196326872,131.9665069580078
2019-11-06,132.94353477240784,129.5909705083247,129.93580627441406
2019-11-07,134.59112434092688,131.06614838787695,131.5259246826172
2019-11-08,134.43784904809027,130.66381676856042,134.29415893554688
2019-11-11,134.476149875243,132.00482916565056,134.42825317382812
2019-11-12,139.81154546791657,135.15626891918157,138.72914123535156
2019-11-13,141.00887096661722,136.6696811300526,139.56246948242188
2019-11-14,140.55868828000666,137.991573752532,138.5567169189453
2019-11-15,142.56062432112728,138.19271401501925,142.07211303710938
2019-11-18,143.60469013971183,141.76557097290467,143.28858947753906
2019-11-19,144.90741756966898,143.07787169144177,143.92080688476562
2019-11-20,145.65453304648852,142.8479651004638,144.35182189941406
2019-11-21,146.37293423483965,143.48014649958458,145.84609985351562
2019-11-22,148.26958923853655,145.09902266653566,146.18142700195312
2019-11-25,147.29252112857924,145.34803501436429,146.81358337402344
2019-11-26,146.6507749238983,139.05481305325605,139.6582794189453
2019-11-27,140.57781193544858,137.9819773526059,140.1276092529297
2019-11-29,140.14683356657113,138.77322867337065,138.9365234375
2019-12-02,138.81164198054574,136.84248979454517,137.85107421875
2019-12-03,137.25548259886128,135.06538998136577,136.1988525390625
2019-12-04,137.85105437350202,135.15186169657204,137.32275390625
2019-12-05,138.16807497417457,134.8349033874878,135.06544494628906
2019-12-06,137.45727680377783,135.94917811653542,136.66000366210938
2019-12-09,138.72519380097714,136.5062846259415,137.2459259033203
2019-12-10,137.30352763528242,135.13263559659157,137.1210174560547
2019-12-11,138.15853000735663,136.41990385962183,137.70706176757812
2019-12-12,139.2631157243176,136.93854340409334,138.2545166015625
2019-12-13,138.41780340541501,134.50828605773626,135.05581665039062
2019-12-16,137.76462145903778,134.49869705454543,136.5927276611328
2019-12-17,136.5734931339997,131.6553917554333,132.46226501464844
2019-12-18,134.53714709620056,131.52096426647873,131.5882110595703
2019-12-19,132.4814975789136,129.35005210256134,130.26258850097656
2019-12-20,132.49111315194475,130.07049278450322,132.21255493164062
2019-12-23,133.39401303742451,131.55934012799696,132.17410278320312
2019-12-24,133.38441131406694,131.65538678312262,133.3363800048828
2019-12-26,134.13368529580345,132.87534383898077,133.8166961669922
2019-12-27,134.4026578401558,132.42389032555843,133.94158935546875
2019-12-30,134.18172827917132,131.6746455489411,131.76109313964844
2019-12-31,132.94258570422957,130.92540199638947,132.86575317382812
2020-01-02,134.33537698179927,132.09725284391877,133.2211151123047
2020-01-03,132.20291637344556,130.22414956892385,131.32879638671875
2020-01-06,132.7216670529832,129.88799463523316,132.71206665039062
2020-01-07,132.4430614600484,130.4450791523053,132.41424560546875
2020-01-08,135.19032010741378,131.93399578765403,135.0174102783203
2020-01-09,136.4294513975982,134.4794998227367,135.72824096679688
2020-01-10,139.68579729835142,137.60136648978454,138.1392822265625
2020-01-13,139.2534755803961,136.76560920283646,137.9855194091797
2020-01-14,145.36273807994576,142.12562903598158,144.728759765625
2020-01-15,149.78132595945704,144.4117556206789,147.9562530517578
2020-01-16,150.15595875529348,147.8698028041888,150.0983123779297
2020-01-17,150.78030531274302,148.92640212508002,150.16554260253906
2020-01-21,149.95422749381686,148.1579705460319,149.14735412597656
2020-01-22,150.28081076351424,148.44612297507,149.59881591796875
2020-01-23,149.3298874785774,146.52501640069255,148.99368286132812
2020-01-24,149.36830790801613,143.6625322575831,146.60186767578125
2020-01-27,145.3339015007428,142.97089841922906,144.69032287597656
2020-01-28,147.50477132484568,144.86321019178726,146.12155151367188
2020-01-29,146.84199018647726,143.38395501163797,143.45118713378906
2020-01-30,143.7009557328457,139.03259541147992,141.3955841064453
2020-01-31,141.31872769500663,136.31417774823,136.986572265625
2020-02-03,141.04017943521112,137.20750843006564,138.2257080078125
2020-02-04,146.7747647614036,141.92389437421483,143.36474609375
2020-02-05,149.96383045583013,143.8258032008152,146.15037536621094
2020-02-06,152.82632904613632,148.39811130161854,152.07708740234375
2020-02-07,155.54473117465915,149.6276448807574,150.1559600830078
2020-02-10,158.3399900471409,153.4795194036935,155.7464599609375
2020-02-11,158.88755754531198,154.411307115276,158.1575164794922
2020-02-12,161.74041254183743,157.5715371069432,161.3946075439453
2020-02-13,162.97953445612129,159.47346790082864,161.2889404296875
2020-02-14,161.85565805673693,157.77324531643347,161.40419006347656
2020-02-18,162.36474733186506,160.1842546808439,161.01995849609375
2020-02-19,161.71156812639353,159.61752304860136,161.3849639892578
2020-02-20,164.46841326852243,160.41481614311633,164.04576110839844
2020-02-21,165.3905836455368,161.8364851393951,164.2187042236328
2020-02-24,162.58569884339036,158.77224354488473,159.03160095214844
2020-02-25,160.77023110140956,153.87336119958783,154.50733947753906
2020-02-26,156.70700934267887,151.49113392182653,152.71104431152344
2020-02-27,150.90526294982217,141.83749722530197,141.88552856445312
2020-02-28,141.46163844315382,132.86952656350837,134.7189483642578
2020-03-02,144.9581951044466,134.13135711003147,144.88113403320312
2020-03-03,149.1001126320049,140.41168678918004,142.3670654296875
2020-03-04,147.9731406186552,143.68671928611636,146.6631317138672
2020-03-05,145.64210871202866,135.9326328381736,139.7855987548828
2020-03-06,139.87229119268144,132.06040279315016,136.28903198242188
2020-03-09,132.26271024291265,116.85084365261893,127.11900329589844
2020-03-10,132.99477161187679,124.2677905766759,132.92733764648438
2020-03-11,134.7286187804863,128.47718923375902,130.20138549804688
2020-03-12,127.14785192220391,116.08983853664485,119.47081756591797
2020-03-13,128.07258586871225,119.46119785995721,127.6969223022461
2020-03-16,125.21176182913378,108.46098619208006,116.8219223022461
2020-03-17,134.9116011898369,115.58897918734887,134.34329223632812
2020-03-18,141.70245389366144,120.21253895043577,130.90451049804688
2020-03-19,134.8441702645016,121.67665460583498,122.71695709228516
2020-03-20,126.65664401032642,115.11700634181527,120.37630462646484
2020-03-23,119.38415116961184,109.53018761327597,111.49520111083984
2020-03-24,122.23533897038776,114.2885971707035,121.66702270507812
2020-03-25,125.34662548497073,115.70457567483075,116.78340148925781
2020-03-26,127.17678347196768,116.91825926871509,126.82038879394531
2020-03-27,123.9113692350057,118.44015796006055,121.07943725585938
2020-03-30,134.50704074491637,122.54358323228367,132.94659423828125
2020-03-31,133.5341270978617,127.46570483284421,130.28799438476562
2020-04-01,129.6234034704482,124.40262209926358,128.1688995361328
2020-04-02,125.95344469151976,116.69670126645343,124.45079040527344
2020-04-03,125.21175269195032,118.70986600647763,120.87715911865234
2020-04-06,130.88528236194395,123.4201594457365,130.2302703857422
2020-04-07,136.36612080216975,126.70479400126973,127.2249526977539
2020-04-08,129.27664350111735,124.07513077071881,126.72404479980469
2020-04-09,130.84674626820615,125.80899639781528,128.4193878173828
2020-04-13,129.04548603659129,124.41229601548359,126.20392608642578
2020-04-14,132.70576487565032,128.18816059348296,132.5998077392578
2020-04-15,134.1217287669866,128.49638820059036,132.9080352783203
2020-04-16,134.4973951355326,130.15316721674492,133.03326416015625
2020-04-17,136.54909764260145,132.35900630782544,136.4046173095703
2020-04-20,137.0210899884036,133.17775148764395,135.32579040527344
2020-04-21,133.40893395516008,126.44470274569187,127.57169342041016
2020-04-22,131.56913240549704,129.35367436198712,130.24949645996094
2020-04-23,134.23730236668135,129.4596192576537,131.54986572265625
2020-04-24,135.0368156014912,130.3458346387462,134.79600524902344
2020-04-27,138.8897825891035,134.28548978106014,138.0132293701172
2020-04-28,140.0649334621932,134.79600190507546,135.2005615234375
2020-04-29,137.25224067890548,134.160230031929,135.1042022705078
2020-04-30,137.21370201863644,132.97544674078347,136.0578155517578
2020-05-01,134.0157941836894,128.09185015827845,129.74862670898438
2020-05-04,131.22236686639218,127.92808316616146,130.6925811767578
2020-05-05,133.13925129577146,128.05333696998804,128.6409149169922
2020-05-06,130.19170759030695,126.52176030835614,127.01300811767578
2020-05-07,131.03938114958558,128.13040209224502,129.633056640625
2020-05-08,132.36866707104238,129.52710711539171,130.9719696044922
2020-05-11,136.57796009631238,132.06999844041462,135.1042022705078
2020-05-12,136.49132758443943,129.7679055385412,129.81607055664062
2020-05-13,129.10324661192047,124.14255916789128,124.864990234375
2020-05-14,125.15394464779344,121.0312800925466,124.6626968383789
2020-05-15,131.54989462527868,125.57778575239757,131.43429565429688
2020-05-18,138.5622314070224,134.05425563432772,137.4352264404297
2020-05-19,140.68143037851732,137.31008497600942,139.31362915039062
2020-05-20,145.75772631850438,134.10249705123624,140.98004150390625
2020-05-21,143.90824506313618,139.20763749011238,140.45985412597656
2020-05-22,144.4861718626578,140.52725016570525,143.927490234375
2020-05-26,148.05984910282507,143.34959902072072,143.70599365234375
2020-05-27,149.6684664790483,144.1009318776652,149.6299285888672
2020-05-28,153.4539938002732,149.90927230188333,151.09405517578125
2020-05-29,153.62438281378462,149.79029116093517,153.23806762695312
2020-06-01,155.082649630008,152.23364391374724,153.49879455566406
2020-06-02,157.7578280458503,151.06506429164807,157.60330200195312
2020-06-03,159.01332612316975,155.6041741771355,156.1836395263672
2020-06-04,156.69551191026318,152.96765507443595,154.05897521972656
2020-06-05,159.3899839766368,155.19856386699254,156.08706665039062
2020-06-08,159.47687314092803,155.5365478506356,159.04226684570312
2020-06-09,157.82542147156366,154.93777685983716,155.67176818847656
2020-06-10,156.33815900801383,149.085249040906,149.1045684814453
2020-06-11,146.612919303657,139.6111165103907,141.5426483154297
2020-06-12,145.92721248529287,139.78494165151443,143.17477416992188
2020-06-15,147.13442287647624,139.45657311552705,146.52598571777344
2020-06-16,152.21435255070685,148.05190419504467,150.96852111816406
2020-06-17,151.59625524738865,148.90176047622734,149.1625213623047
2020-06-18,148.95970532499098,146.64185882723098,148.1677703857422
2020-06-19,153.01593275982998,149.47157411053172,151.3354949951172
2020-06-22,152.08880876483465,148.69897578414682,149.5874786376953
2020-06-23,151.05539794124078,148.16775355123042,148.40919494628906
2020-06-24,149.04661069905853,143.5803737239229,145.40567016601562
2020-06-25,146.58391775716518,143.99567273716252,146.11068725585938
2020-06-26,147.08610135817986,142.16069098629626,143.13612365722656
2020-06-29,147.10545392313884,143.95704797968745,146.57427978515625
2020-06-30,149.2011467474817,144.82622935086283,148.1677703857422
2020-07-01,149.5874726123652,145.2511786205987,145.7437286376953
2020-07-02,150.49525249137125,146.9219227833558,147.50137329101562
2020-07-06,149.51983177313912,145.2318303088249,146.32313537597656
2020-07-07,144.49788808957618,140.7700311558594,140.8086700439453
2020-07-08,142.39246985070687,138.61632315134474,139.6207275390625
2020-07-09,140.48029868945602,134.97542188196059,136.06674194335938
2020-07-10,138.95436887749312,136.02810008552518,138.12380981445312
2020-07-13,141.93861837663647,137.51540869668176,140.01673889160156
2020-07-14,143.22306733413154,138.17211645868807,142.77880859375
2020-07-15,148.6023389100907,144.38194821634198,148.24501037597656
2020-07-16,150.0800103740465,146.7384687146682,148.1195068359375
2020-07-17,150.32143256148586,148.20641795505264,149.51019287109375
2020-07-20,149.86748940954502,146.59354481871122,148.24501037597656
2020-07-21,151.64454134554177,148.24504179830282,150.64013671875
2020-07-22,152.2626273707241,149.7323111566022,150.90089416503906
2020-07-23,152.66826067882664,150.5339117593775,151.296875
2020-07-24,152.37855074880773,149.5681682913569,150.02207946777344
2020-07-27,151.9922020163178,147.58831303032002,151.7700653076172
2020-07-28,151.75074397914702,148.38021694025372,148.6216583251953
2020-07-29,151.74110602033127,147.54003395776655,150.36972045898438
2020-07-30,149.20113578459217,145.82095611808825,148.35125732421875
2020-07-31,148.2450637066622,141.74546341106225,145.0194091796875
2020-08-03,154.89911843253816,149.24938471031197,154.42588806152344
2020-08-04,153.8561591365588,150.65947644921323,151.64456176757812
2020-08-05,152.83240307213336,147.52069238084277,148.40919494628906
2020-08-06,148.26434090028977,145.84992686996645,146.554931640625
2020-08-07,146.9026520751006,145.56989041348538,146.79641723632812
2020-08-10,148.51547919958944,145.60852914028786,147.17306518554688
2020-08-11,148.8534556717192,145.51190023351577,146.12998962402344
2020-08-12,149.31707555638607,145.78236860861801,147.76219177246094
2020-08-13,147.1150955288597,143.9280656702025,146.97988891601562
2020-08-14,154.52253799238494,145.8885888242336,153.23806762695312
2020-08-17,154.5998090564869,150.2635148038273,150.4566650390625
2020-08-18,151.9149209501724,150.07030524950764,150.2151641845703
2020-08-19,150.82364949156968,147.73320175029704,148.0905303955078
2020-08-20,147.82978162233425,146.24591152541564,146.69017028808594
2020-08-21,146.7674320747014,144.52684831057033,145.80166625976562
2020-08-24,146.79641823232552,142.97197874698563,144.53652954101562
2020-08-25,147.08614995447294,143.71562164834407,146.79641723632812
2020-08-26,147.32759892048057,144.6234513076776,146.87368774414062
2020-08-27,150.04139811890974,145.50230111518664,148.9790496826172
2020-08-28,149.28804072385,147.0184857831898,148.6023406982422
2020-08-31,150.2002598227537,147.43060915954652,148.5926971435547
2020-09-01,149.62887940022983,143.70222064755524,145.4744110107422
2020-09-02,151.9143279696822,145.3582091235906,151.3139190673828
2020-09-03,154.03515022360332,147.86638893943353,149.4449005126953
2020-09-04,150.75222875794378,145.348504710925,147.6145782470703
2020-09-08,148.90256607090785,144.9708278014365,145.1935577392578
2020-09-09,148.94133280527294,145.11611955186376,147.49839782714844
2020-09-10,150.01626543859314,145.86178189721647,145.9683074951172
2020-09-11,147.24659425927052,144.96114838390426,145.61965942382812
2020-09-14,148.07941549147327,144.78681620875344,146.13290405273438
2020-09-15,148.80575160435563,146.04577965197166,146.1038818359375
2020-09-16,149.8032001979015,146.8011261943435,147.9244842529297
2020-09-17,148.1859599218501,144.7190536805444,146.71397399902344
2020-09-18,149.05754265009526,145.74558495132194,147.3240966796875
2020-09-21,145.2613599129787,141.83319832080224,143.54727172851562
2020-09-22,146.09419359430177,143.43106863898632,144.88368225097656
2020-09-23,146.37505280488008,142.19153251226933,142.4433135986328
2020-09-24,144.84497493652503,140.41933768358751,141.9300537109375
2020-09-25,144.47694623759998,141.50392340851067,143.81842041015625
2020-09-28,146.8205120487343,144.34138698519556,145.34852600097656
2020-09-29,145.53253721158075,141.8719515216936,141.9300537109375
2020-09-30,145.73590470300869,141.44584429620355,144.2251739501953
2020-10-01,145.41633520536422,141.6492238481572,142.3174285888672
2020-10-02,144.118660849853,140.01260061872048,142.33677673339844
2020-10-05,145.35821931896047,142.66604306422536,144.46726989746094
2020-10-06,145.90054980753737,141.1553353349576,141.61048889160156
2020-10-07,144.16705270373612,142.0462344881985,143.450439453125
2020-10-08,149.22215247709553,143.450442600994,149.1253204345703
2020-10-09,149.67729113449144,146.0554509689047,146.51058959960938
2020-10-12,147.63399521922497,145.51317648234806,145.91990661621094
2020-10-13,147.87605957268048,144.93210255064403,146.84954833984375
2020-10-14,149.90975065773893,146.22979265543066,149.1446990966797
2020-10-15,151.7496865909228,147.46932060539285,151.60443115234375
2020-10-16,153.89956242361455,150.8878097267547,151.72064208984375
2020-10-19,153.78335858154537,147.45964872943432,147.6049041748047
2020-10-20,150.49079932247332,147.75021400677625,148.20535278320312
2020-10-21,149.5707897548636,147.26598603387123,147.79859924316406
2020-10-22,149.86131921599323,147.47902615350318,149.3577423095703
2020-10-23,151.60444875431023,149.50300276397033,151.4688720703125
2020-10-26,150.4616994948491,146.45248688205143,147.4596405029297
2020-10-27,148.4667909196852,144.39947581494346,144.49632263183594
2020-10-28,144.041193482623,139.34440282948225,139.5477752685547
2020-10-29,140.61295753957086,136.8555413706762,139.24749755859375
2020-10-30,142.92752053745974,138.73430662736206,142.8306884765625
2020-11-02,147.75987715959792,143.53761246651808,147.2272491455078
2020-11-03,158.08312684781745,150.3939552545871,154.9551544189453
2020-11-04,164.8522525928416,158.85779878545114,160.79461669921875
2020-11-05,168.5516351727378,162.55717947076346,165.549560546875
2020-11-06,166.76005510161096,164.21314904823492,165.52049255371094
2020-11-09,177.63531489018376,170.64341317804548,172.87074279785156
2020-11-10,180.15316533762822,174.05218431919909,177.64498901367188
2020-11-11,178.67146893886837,171.91197793709912,172.19281005859375
2020-11-12,174.0521868656037,170.69180565352562,172.31874084472656
2020-11-13,178.34221958881935,172.54144388423083,177.2091827392578
2020-11-16,181.74136328188698,176.81216371576727,177.85804748535156
2020-11-17,173.10311168046948,164.45522625690845,168.154541015625
2020-11-18,174.2168119147597,168.51288222794227,170.95327758789062
2020-11-19,170.39161683333006,164.32937981208528,166.50830078125
2020-11-20,167.19582292982244,163.54493131174812,164.50364685058594
2020-11-23,168.900246741513,165.15249320863086,167.99961853027344
2020-11-24,175.48541697041134,168.98738550178197,174.071533203125
2020-11-25,175.66934699423527,172.7060184881226,173.82937622070312
2020-11-27,176.02774812552767,173.4420972803297,174.31365966796875
2020-11-30,177.16746299525508,173.98365273472004,174.63400268554688
2020-12-01,178.15749418202984,173.57592666372864,173.75064086914062
2020-12-02,176.58501547431266,173.3429678107961,175.54640197753906
2020-12-03,175.7599047419981,173.4691140771271,173.90591430664062
2020-12-04,175.87642768096407,173.5370997430062,175.4590301513672
2020-12-07,175.04165100033254,171.94519845017965,173.0323486328125
2020-12-08,175.63375241981373,171.40161327193957,175.12899780273438
2020-12-09,175.83762999808835,171.70256313015926,173.4400634765625
2020-12-10,173.88653561591357,171.74133961015494,172.46934509277344
2020-12-11,171.8966796558475,168.02369932194046,169.53794860839844
2020-12-14,171.3240162605758,166.76184995131064,167.27630615234375
2020-12-15,169.29525539570028,166.35411436927436,168.00425720214844
2020-12-16,168.49929583449145,165.72316760650054,167.29566955566406
2020-12-17,168.8973104961864,166.0532422047325,167.8392791748047
2020-12-18,169.0719942994264,165.82024520757162,168.46047973632812
2020-12-21,166.65503047733262,164.23804675404563,166.3929443359375
2020-12-22,167.15975586571037,164.37391175052247,165.02426147460938
2020-12-23,167.8780658468258,165.01458050040426,165.08253479003906
2020-12-24,165.97553076943197,164.1312415251352,165.7716827392578
2020-12-28,169.66411946046256,166.23764107159113,169.20791625976562
2020-12-29,171.7025085393437,168.00424328638107,169.0719757080078
2020-12-30,169.9941178508708,167.97511444460162,168.33425903320312
2020-12-31,169.0331753264198,166.7229663908265,168.8196258544922
2021-01-04,169.86795806374067,165.49992485638734,169.31466674804688
2021-01-05,172.74118535745217,168.5575671573383,170.4503936767578
2021-01-06,177.14802236943856,168.77110018845866,173.68270874023438
2021-01-07,178.37102968185513,174.24566562651563,177.65274047851562
2021-01-08,178.98258369936647,176.5073619619857,178.16722106933594
2021-01-11,179.555242368813,175.91521547706836,178.02157592773438
2021-01-12,178.93402966859864,176.62383577440232,177.89541625976562
2021-01-13,178.61368756124378,176.8956055324816,178.02157592773438
2021-01-14,179.08934328618315,176.5170632502277,177.4586181640625
2021-01-15,180.04061559697163,174.3136447235099,179.01170349121094
2021-01-19,179.3999709890728,176.08996918292698,177.11888122558594
2021-01-20,178.86608258211302,175.44930632830423,178.75930786132812
2021-01-21,179.40965690734134,175.50754372147716,177.42947387695312
2021-01-22,181.127779321479,176.82768568096688,179.5843963623047
2021-01-25,179.95324567649658,176.95386668106758,177.7789306640625
2021-01-26,180.5259526137501,177.60422910481546,179.01170349121094
2021-01-27,178.7010565707885,172.14900827169944,172.96437072753906
2021-01-28,177.43920133583234,173.01293048581968,174.84750366210938
2021-01-29,175.46873394984564,167.70334235598918,169.35348510742188
2021-02-01,175.934657097485,170.25620844733209,174.459228515625
2021-02-02,181.87519258724026,174.80868666567375,175.2552032470703
2021-02-03,177.1285972537565,173.04206778012747,176.18704223632812
2021-02-04,181.33160102240282,175.69198765585583,180.61331176757812
2021-02-05,181.23455852739258,176.92476337237457,177.69158935546875
2021-02-08,178.45844877924,175.79879627054584,178.409912109375
2021-02-09,180.0018297686336,177.53630895492262,179.55531311035156
2021-02-10,181.14719370962843,177.45864402129047,178.64285278320312
2021-02-11,179.00203241537457,175.0805003609555,176.439453125
2021-02-12,178.1186737547245,175.37166463826182,176.8956298828125
2021-02-16,178.60403316457237,175.1872562090395,175.4978790283203
2021-02-17,176.42001207219482,173.2070832730419,175.97349548339844
2021-02-18,175.39109709347295,172.18786975472023,172.50819396972656
2021-02-19,174.52722554643935,172.1975985606414,172.41114807128906
2021-02-22,173.40121113659148,169.75148205251233,172.77027893066406
2021-02-23,175.8764287636444,171.6345880187388,175.28431701660156
2021-02-24,176.64326296093756,173.7215393447987,175.97349548339844
2021-02-25,177.0994928211289,168.45078273076035,169.0040740966797
2021-02-26,169.82912919693518,164.37393125680964,164.5486602783203
2021-03-01,171.01965595492356,166.30018867069867,169.073486328125
2021-03-02,170.12445172228084,168.29504717744328,169.04432678222656
2021-03-03,169.99795394231182,166.57269043550227,167.57498168945312
2021-03-04,169.2778400560607,165.42441767586084,167.6722412109375
2021-03-05,171.04883082509352,165.18113115369636,170.39686584472656
2021-03-08,174.600593968178,170.68880386516588,171.35049438476562
2021-03-09,176.4008548479713,171.27269253015058,173.90975952148438
2021-03-10,180.1180170232514,174.32815011533103,178.57080078125
2021-03-11,181.33436897209222,176.65381833930462,178.20103454589844
2021-03-12,182.628581404438,178.55136782213538,182.50209045410156
2021-03-15,184.6136882517036,181.6165846559075,183.78656005859375
2021-03-16,183.91305205648877,180.45859757998807,181.51925659179688
2021-03-17,183.59191743713114,180.48777438030834,181.97659301757812
2021-03-18,184.73043498357063,180.4585928403378,182.93023681640625
2021-03-19,186.6084927703036,181.64575391181015,184.66232299804688
2021-03-22,187.27019562782186,183.9422468811278,187.20208740234375
2021-03-23,188.1557464987574,182.53131548072042,183.35842895507812
2021-03-24,186.1511431984574,182.71615471036267,182.74534606933594
2021-03-25,186.65714010857073,181.14947638094046,186.29708862304688
2021-03-26,188.92442580863428,186.0732942026729,188.8660430908203
2021-03-29,192.0188292255756,187.56209897021859,190.72462463378906
2021-03-30,193.08922705064458,190.42298396235182,191.24037170410156
2021-03-31,192.08697808010422,188.44764958778967,189.79049682617188
2021-04-01,189.77103185898326,184.55529591237692,188.3600616455078
2021-04-05,190.6078770476919,187.8053877536555,189.37205505371094
2021-04-06,189.6153114727273,185.78135484853306,186.29708862304688
2021-04-07,188.3211019240974,185.98570432141113,188.05836486816406
2021-04-08,188.21408969654854,184.34121574377033,184.3704071044922
2021-04-09,186.46254079234163,184.51637081484728,185.73272705078125
2021-04-12,187.86375018312256,184.82773034120797,186.5500946044922
2021-04-13,185.70356251122195,182.17127358858755,184.06878662109375
2021-04-14,186.80314791742308,184.1076980317635,185.47975158691406
2021-04-15,187.4842976111934,185.21700762894596,186.2192840576172
2021-04-16,188.15573860339683,184.83751479465047,187.98057556152344
2021-04-19,189.56662622527355,187.16310585132476,188.47677612304688
2021-04-20,190.02403370569985,187.59132125571077,189.29421997070312
2021-04-21,191.9410043737868,188.60333015739042,190.76356506347656
2021-04-22,191.9312579494758,189.303917019938,190.07266235351562
2021-04-23,191.90203927847503,188.74923952063227,190.82191467285156
2021-04-26,190.96791226761442,186.170610821558,186.4625244140625
2021-04-27,185.87870798327086,182.65779888549062,184.23419189453125
2021-04-28,184.03958064328486,181.99609609476585,182.88160705566406
2021-04-29,185.372715943297,182.3658864765798,185.14891052246094
2021-04-30,185.61596917799415,182.13232299434955,182.51182556152344
2021-05-03,187.2020624593509,183.4070227517562,186.9490509033203
2021-05-04,188.91471807338112,186.22900886465433,188.45736694335938
2021-05-05,188.03889596970495,180.68236304025535,183.99085998535156
2021-05-06,180.60455915736844,175.5639717721883,180.1082763671875
2021-05-07,193.01142433714955,185.95655777105503,192.2913360595703
2021-05-10,199.15152414754525,191.7074170638247,196.6896209716797
2021-05-11,197.1080898424607,191.15281455645527,192.61244201660156
2021-05-12,193.0989754817615,189.5180152258267,191.76585388183594
2021-05-13,194.14992858608355,190.33543706512802,190.49111938476562
2021-05-14,191.8728743614199,188.7979373474462,189.75155639648438
2021-05-17,195.9209363796965,188.9633843543282,193.99423217773438
2021-05-18,194.01367822319398,190.51056653363648,191.97991943359375
2021-05-19,193.47847373624253,187.39669307077233,193.39089965820312
2021-05-20,196.28103554397453,192.0481086975051,195.01602172851562
2021-05-21,198.94723345263213,194.9186619810725,197.22486877441406
2021-05-24,198.25634764297104,194.21803589453532,194.26669311523438
2021-05-25,194.90894355959378,190.44248662734157,190.744140625
2021-05-26,190.7538368169026,185.85922082797188,189.07040405273438
2021-05-27,190.43269594590816,188.19459789450198,189.08010864257812
2021-05-28,191.42060158114046,187.52959155979113,187.6173553466797
2021-06-01,188.05616735326353,183.4045086244563,187.07122802734375
2021-06-02,188.24149344133644,185.7742564748993,186.63243103027344
2021-06-03,190.12359081213927,185.81322563272033,189.05087280273438
2021-06-04,190.47467350152226,187.76362370438042,190.10409545898438
2021-06-07,191.75217855587343,189.58724919669336,190.19186401367188
2021-06-08,190.57217517689563,185.95951739969487,187.1687469482422
2021-06-09,187.95870360884092,185.71575673956676,185.82302856445312
2021-06-10,191.1377924650098,186.09604737796718,190.65994262695312
2021-06-11,193.05887331068516,189.6164447461705,190.650146484375
2021-06-14,190.2406173196811,186.3983552238292,188.12445068359375
2021-06-15,190.14308849465866,187.4418151451001,189.44094848632812
2021-06-16,189.9187957521546,185.7157172103171,186.67140197753906
2021-06-17,187.22728365852507,183.1314617180277,184.70152282714844
2021-06-18,183.8043134180418,179.8547800609559,180.30337524414062
2021-06-21,184.52598752575173,180.7227414605866,184.03839111328125
2021-06-22,187.56859303757764,182.9364269052495,185.38417053222656
2021-06-23,185.42317596739315,183.67758723729702,184.1456756591797
2021-06-24,184.81855889960897,182.9169357584727,184.2919464111328
2021-06-25,188.15371358253503,184.46748574661413,186.59339904785156
2021-06-28,188.45599871977439,185.7449640683273,187.29551696777344
2021-06-29,189.71402655820967,186.80795578557334,187.04200744628906
2021-06-30,187.9684313065278,185.7157380903889,186.4958953857422
2021-07-01,189.15816510357064,186.48613124163913,187.89041137695312
2021-07-02,188.60226258245575,186.17404227825708,187.8026123046875
2021-07-06,187.1004799874635,182.02948070749702,184.6429901123047
2021-07-07,186.22284139310486,183.98964133520565,185.130615234375
2021-07-08,184.96480820575576,182.08799255221652,183.89210510253906
2021-07-09,185.96926563010783,183.92136966013703,184.40896606445312
2021-07-12,185.7742477660647,183.2485017220306,185.24765014648438
2021-07-13,185.55969671264816,183.90187182221322,184.62351989746094
2021-07-14,184.8087838069937,183.17046703101707,184.40896606445312
2021-07-15,186.135020428605,183.82381855906786,184.79901123046875
2021-07-16,185.3159201656096,184.16519959566924,184.52601623535156
2021-07-19,185.23789359799204,181.98075279148574,183.745849609375
2021-07-20,196.62812301290188,188.47551085899389,189.53846740722656
2021-07-21,193.26372553404727,189.22642744482437,192.6396026611328
2021-07-22,194.45345270932597,190.99152991820944,194.09263610839844
2021-07-23,199.05636034679867,194.4924649383363,197.60333251953125
2021-07-26,200.26558384414946,196.2672876148703,197.47653198242188
2021-07-27,199.8267766751872,195.58468169374217,199.05636596679688
2021-07-28,200.15833936230877,198.06168061463808,199.0953826904297
2021-07-29,200.73368889060396,199.16362783647585,200.1290740966797
2021-07-30,201.35779920273765,198.51999954794078,198.77354431152344
2021-08-02,199.84626754834815,198.1006788597456,198.52001953125
2021-08-03,201.41631952477525,197.13522361830817,201.29930114746094
2021-08-04,204.0786057779595,199.18313365100622,200.2753448486328
2021-08-05,204.79051089317983,192.25927606023012,194.71676635742188
2021-08-06,196.55986017786023,192.4640533565988,194.9702911376953
2021-08-09,195.81870570999013,191.33281314147106,191.9471893310547
2021-08-10,191.94719943915555,187.60759448167028,190.23086547851562
2021-08-11,193.10769193132327,189.77253417672753,192.41529846191406
2021-08-12,193.36122954390376,191.60587950651507,193.07843017578125
2021-08-13,194.4632070173824,192.3665334916166,193.50750732421875
2021-08-16,195.16536485194115,192.15200740453665,194.9898223876953
2021-08-17,198.27621196788482,193.6537926287351,198.08116149902344
2021-08-18,198.75403782284306,194.70699374381405,194.7655029296875
2021-08-19,196.3745671701538,193.3417170009849,194.31690979003906
2021-08-20,196.01379107923134,193.26373970365265,195.4384307861328
2021-08-23,198.03240852506985,195.62368112489426,197.31076049804688
2021-08-24,197.58385238905666,195.26288831011556,195.4384307861328
2021-08-25,196.24781464199302,192.62009604677894,195.3311309814453
2021-08-26,195.59445996353807,190.78675091250588,192.7371368408203
2021-08-27,196.7256513203785,193.30272974147326,196.1307830810547
2021-08-30,197.08644130037027,195.0190227555778,196.17950439453125
2021-08-31,199.78643762649045,195.8081157010124,199.5420684814453
2021-09-01,199.16087618476612,195.28029252061975,198.41799926757812
2021-09-02,203.19778131347874,198.37881532044224,202.14210510253906
2021-09-03,202.76774175552845,201.30152690278229,201.6338653564453
2021-09-07,201.90757132064533,198.68189544241952,200.86167907714844
2021-09-08,202.18124416258462,200.0405681513585,201.52633666992188
2021-09-09,202.2496526602843,199.9916844828025,200.03077697753906
2021-09-10,199.97218675316563,196.94200299170436,198.16384887695312
2021-09-13,202.32786079855433,197.72394004164104,201.3992462158203
2021-09-14,202.3278609437586,198.75029346538406,199.3954315185547
2021-09-15,204.39035819352983,197.62620715616222,203.96026611328125
2021-09-16,204.96705464943955,201.37971759712704,203.09030151367188
2021-09-17,204.18506234232,202.04438645388623,203.07073974609375
2021-09-20,201.23307990902373,195.2802516738513,197.3427276611328
2021-09-21,200.13832484526858,195.79832655011865,196.57054138183594
2021-09-22,199.93307016579732,196.8833477488763,198.06610107421875
2021-09-23,200.76389706802092,198.02695989413834,198.11492919921875
2021-09-24,199.7375402171937,197.57732555022068,198.5743408203125
2021-09-27,200.46088529361955,198.10516331510456,199.8646240234375
2021-09-28,200.5097455142611,197.3329471063752,198.02694702148438
2021-09-29,201.64364759096944,197.58712553947728,200.82257080078125
2021-09-30,203.7842940603076,194.85994386633942,194.88926696777344
2021-10-01,195.8276467980561,190.91094098617472,195.51486206054688
2021-10-04,199.6104512293541,194.0192853356238,195.4561767578125
2021-10-05,197.2548004949974,193.72610902119658,193.75543212890625
2021-10-06,193.82377519118063,189.52288529905113,193.74559020996094
2021-10-07,196.7953391963356,193.8433560851843,195.10430908203125
2021-10-08,196.57051838621706,194.63510429283022,195.69078063964844
2021-10-11,199.63001331942596,195.89606099677505,197.23519897460938
2021-10-12,198.0269593107073,195.14340663685294,195.62237548828125
2021-10-13,195.67124929554282,189.89437420057354,194.77197265625
2021-10-14,199.7473269273783,195.62237494162343,198.4863739013672
2021-10-15,200.9496260971531,198.42773486910227,199.57138061523438
2021-10-18,199.16083538525288,196.21863651169966,196.27728271484375
2021-10-19,199.14126955872317,197.0494705882887,198.02694702148438
2021-10-20,202.75793499432208,198.23222912555002,201.4481201171875
2021-10-21,202.58199214723615,200.10897794776673,202.52334594726562
2021-10-22,204.5955849437889,202.1910013281996,204.3805389404297
2021-10-25,205.43621814432248,202.61131187691356,202.77748107910156
2021-10-26,204.43921227653334,201.36016714305902,203.28579711914062
2021-10-27,203.72565974930527,198.04652340843023,198.45706176757812
2021-10-28,201.41880593954357,198.74052986542642,200.40223693847656
2021-10-29,203.90159919850444,198.76006338053108,203.19781494140625
2021-11-01,205.9249710852845,203.06097211872785,203.393310546875
2021-11-02,217.1268532651045,207.7235194722862,213.99891662597656
2021-11-03,220.22548784240092,212.63049024691867,219.17958068847656
2021-11-04,218.72012349137583,213.715448876619,218.06521606445312
2021-11-05,222.67892901793087,214.96663968529458,216.69677734375
2021-11-08,218.38780585618255,214.89822237895225,215.2696533203125
2021-11-09,217.1953052419351,213.6079677824882,214.51702880859375
2021-11-10,216.92162354772424,213.4515783425128,214.69297790527344
2021-11-11,218.41708526880004,214.09664163425353,217.8403778076172
2021-11-12,221.02697507352445,217.38099200923213,219.7660369873047
2021-11-15,221.1345181610204,216.4230888940879,216.93136596679688
2021-11-16,218.86677355661502,215.2207753584268,215.64109802246094
2021-11-17,220.2254850712957,214.66364072712284,218.77882385253906
2021-11-18,220.52848917308876,217.70358248727638,220.36231994628906
2021-11-19,222.73757318686972,215.5531296059666,215.924560546875
2021-11-22,219.36526754185672,215.06437704118835,217.06820678710938
2021-11-23,221.63299431795073,217.35164310604807,221.34951782226562
2021-11-24,223.96921300696388,220.18636850923187,220.92926025390625
2021-11-26,220.0006049407805,215.5824077491669,216.6185302734375
2021-11-29,220.53821038695432,215.82678211289084,218.24114990234375
2021-11-30,218.33910270842844,211.66844861643926,212.32473754882812
2021-12-01,215.55724375737077,210.86526083530345,211.0023956298828
2021-12-02,218.88766540849892,211.9525314904559,215.9000701904297
2021-12-03,219.50476921485892,212.58923010074383,214.18588256835938
2021-12-06,220.64106445653098,216.05683109079004,219.41664123535156
2021-12-07,222.04175673807137,218.6819472094973,219.97494506835938
2021-12-08,227.39006531623073,214.7442197761332,222.04177856445312
2021-12-09,227.1060108846658,221.4442794586236,226.0187225341797
2021-12-10,228.95732664724565,224.0498293619868,228.32061767578125
2021-12-13,228.68306007434714,223.52088810067664,226.07748413085938
2021-12-14,230.63233321011708,224.50042767727706,224.93142700195312
2021-12-15,227.742696962306,224.17717748729663,227.5369873046875
2021-12-16,231.97431907450985,227.33130111707513,227.6937255859375
2021-12-17,230.41682939720593,226.02850125027936,228.32061767578125
2021-12-20,230.10340554218075,224.35350406066283,229.47650146484375
2021-12-21,233.76686305922027,229.69199415380248,231.25924682617188
2021-12-22,232.91468428176918,229.76056883237388,231.6412811279297
2021-12-23,236.59773064736189,231.99390253229555,235.85328674316406
2021-12-27,240.43753159265898,236.06878321883954,240.31997680664062
2021-12-28,242.39661047612762,240.47670838665098,241.4464569091797
2021-12-29,245.21766664157263,241.41706739209295,243.3761444091797
2021-12-30,245.90330993763925,243.56221379207958,243.80709838867188
2021-12-31,245.80540353362926,243.15084751466011,243.48390197753906
2022-01-03,243.35655330494305,239.07597473777372,243.0235137939453
2022-01-04,244.3263159675426,241.09385041059596,242.9255828857422
2022-01-05,245.89354872632373,241.85785488484365,242.24966430664062
2022-01-06,244.69850119612008,239.5069443498181,239.6049041748047
2022-01-07,246.34416390367917,240.14368287254607,244.64955139160156
2022-01-10,246.4714988091076,235.50066943123946,245.5899200439453
2022-01-11,250.24270299535027,243.67979800307188,249.6157989501953
2022-01-12,249.79210582124554,244.79646847284675,249.41989135742188
2022-01-13,251.5944666129293,246.74573914023617,249.5374298095703
2022-01-14,251.42792419844818,247.36284557680713,251.2711944580078
2022-01-18,250.19374128704212,244.7377191909679,247.37266540527344
2022-01-19,249.64518762268509,244.95320469180433,246.01109313964844
2022-01-20,251.19284890574747,244.88461873566536,246.6869659423828
2022-01-21,247.2747130176868,240.7118077468373,241.57379150390625
2022-01-24,244.46340964522676,232.74812361386697,243.26837158203125
2022-01-25,242.28884175472615,233.70807536095,240.60403442382812
2022-01-26,243.58182308331007,238.78209068619208,241.91661071777344
2022-01-27,250.37004879535195,243.54266419417803,249.88027954101562
2022-01-28,252.99522587664427,245.51155164551187,252.92665100097656
2022-01-31,252.83846518946245,247.44121359847944,251.4671173095703
2022-02-01,252.72091324667366,247.64691138762512,251.66302490234375
2022-02-02,255.27751055589624,249.78231399667763,253.1715087890625
2022-02-03,266.0720605870912,259.2838656235265,261.9482116699219
2022-02-04,264.0248253553949,257.1092856828992,260.1262512207031
2022-02-07,265.45491395105034,255.9436041865736,264.6712951660156
2022-02-08,272.5370611714437,264.08363747240037,271.3616027832031
2022-02-09,276.9449247679486,271.537853235406,273.0855407714844
2022-02-10,274.40796283176246,266.2385844505861,267.9331970214844
2022-02-11,268.35436317082406,264.90639835992175,265.64105224609375
2022-02-14,266.73814155314847,260.69440540822177,265.1317138671875
2022-02-15,270.34282517075303,266.9830152388847,268.29559326171875
2022-02-16,271.46932862930237,266.73814068334207,270.17633056640625
2022-02-17,270.4408233180385,266.61082359482043,267.75689697265625
2022-02-18,270.67593359851037,264.5342363076005,265.2688903808594
2022-02-22,266.2483811673109,260.96868372332915,263.4958801269531
2022-02-23,268.0212706722058,262.41831027904146,262.81011962890625
2022-02-24,261.5759883763741,255.3951023846632,261.1449890136719
2022-02-25,270.7836086475436,262.3399920806866,269.74530029296875
2022-02-28,270.21637812200885,263.6128010251105,269.79443359375
2022-03-01,271.71753809712794,263.75006276931146,266.6446533203125
2022-03-02,272.6006236550999,268.0379888456682,268.6561279296875
2022-03-03,276.1625020883007,269.5491039207523,274.896728515625
2022-03-04,277.0356716343489,268.37157411965467,276.52545166015625
2022-03-07,278.33093967136193,271.3348847701623,273.18939208984375
2022-03-08,274.3668145175569,266.0265027940628,267.6258850097656
2022-03-09,273.8664169219268,267.9104752284042,271.33489990234375
2022-03-10,276.0740859421352,267.949643186922,274.8573913574219
2022-03-11,278.9392207716736,273.53272774695336,275.946533203125
2022-03-14,279.6457416542702,274.062636556931,279.4985656738281
2022-03-15,285.94514968395544,278.5467941398856,285.16998291015625
2022-03-16,287.8879750118192,281.74560014192724,285.88629150390625
2022-03-17,289.66392478406266,284.5027639921732,289.37939453125
2022-03-18,294.0008524797334,286.9066717942922,293.4317321777344
2022-03-21,299.96667350918534,292.8136509716845,294.3050842285156
2022-03-22,298.2789452610465,293.4415721148355,294.2854309082031
2022-03-23,297.35665025743117,292.88232043125134,294.3835754394531
2022-03-24,298.27900358111106,293.8439305112506,298.2397766113281
2022-03-25,304.6470642089844,298.49483870287145,304.6470642089844
2022-03-28,303.6658488465261,300.45726276196115,302.6944274902344
2022-03-29,303.21446155822235,297.49400235736795,301.232421875
2022-03-30,303.26358028403536,299.0541671415387,301.2520751953125
2022-03-31,303.391177361779,299.5742430876827,300.37884521484375
2022-04-01,302.812160593679,299.84890780988655,301.232421875
2022-04-04,301.23247245473266,296.54227424424994,300.0157775878906
2022-04-05,305.88336238954275,299.14243317970625,301.232421875
2022-04-06,307.35519241644454,301.28148072333295,305.7165832519531
2022-04-07,315.61701298327466,304.73536317195,314.1255798339844
2022-04-08,321.6612880744989,312.9186756937113,319.7184753417969
2022-04-11,323.1723444964103,313.5564677295063,314.6456298828125
2022-04-12,317.5009580854237,311.3880189366366,316.5197448730469
2022-04-13,320.12076301725335,314.3316119124573,319.5025939941406
2022-04-14,323.2017866302532,316.6766957769261,317.1771240234375
2022-04-18,322.6326991814056,316.7258066935114,320.5132751464844
2022-04-19,322.809297308873,316.3234929078341,318.59991455078125
2022-04-20,327.1757002787039,319.806780274572,325.3114013671875
2022-04-21,329.29517354043014,322.07342843074315,325.22314453125
2022-04-22,323.19202341698934,311.70202470286324,312.2024230957031
2022-04-25,312.1827920830539,305.9913392505003,311.3487548828125
2022-04-26,317.54998636531775,309.42554345273106,310.3184509277344
2022-04-27,315.293203621075,306.07962785072317,311.87860107421875
2022-04-28,315.71511500820475,310.1025752629555,314.576904296875
2022-04-29,313.67421983081675,302.3019627536685,303.79339599609375
2022-05-02,308.00281346545034,297.8668944174004,301.03619384765625
2022-05-03,306.4230364735291,300.82028831215075,302.0271911621094
2022-05-04,314.8615529292649,301.18343701360567,313.7527770996094
2022-05-05,313.36021595058105,306.9332818216266,309.3078308105469
2022-05-06,328.1765950371157,306.2464715858758,327.7154235839844
2022-05-09,326.459461719142,318.8943157213434,320.3367004394531
2022-05-10,326.89114919169515,320.0324789758297,323.6335144042969
2022-05-11,333.55360350196185,324.575509090377,325.85107421875
2022-05-12,320.90577282376705,307.06086861101556,315.9604797363281
2022-05-13,320.1403904673159,313.2326717360638,318.1485290527344
2022-05-16,325.22309816391214,319.6007362485266,321.67108154296875
2022-05-17,329.44230887606625,320.9940781877331,326.9009704589844
2022-05-18,327.58782508783065,313.2327011026932,314.6260070800781
2022-05-19,314.85170567004917,306.3543955147474,313.13458251953125
2022-05-20,317.85419108503646,310.1712753305227,316.7944641113281
2022-05-23,324.1339326386175,317.913045162997,321.474853515625
2022-05-24,323.51586311339565,316.1077138894111,322.6229553222656
2022-05-25,328.13730855931516,319.64979101779636,327.2149658203125
2022-05-26,332.4644287167222,323.00554979833913,330.0997314453125
2022-05-27,330.35483257285847,323.9475119706124,328.6671447753906
2022-05-31,326.2401267118246,320.16771643431565,322.9681091308594
2022-06-01,327.1932609102599,311.18686075639465,316.6009216308594
2022-06-02,317.0136029888274,303.71913689285077,313.0340881347656
2022-06-03,315.5593582102218,309.77190796103554,310.8724060058594
2022-06-06,314.43919302705444,307.57085635816003,312.1300964355469
2022-06-07,317.5736638580739,311.72723098301327,316.0506286621094
2022-06-08,315.55942679929893,308.29808723613655,309.5361328125
2022-06-09,311.98275885356543,306.55883245969784,306.59814453125
2022-06-10,311.1376606020383,303.1197086081318,307.8852844238281
2022-06-13,306.50977788161686,300.16224139858735,301.64593505859375
2022-06-14,303.2966480394788,298.8553135616739,301.1840515136719
2022-06-15,305.8612200631106,298.963435390239,302.3238830566406
2022-06-16,300.8991499427718,294.0701237527785,298.72760009765625
2022-06-17,300.7124252295028,293.4903689651977,295.337646484375
2022-06-21,304.4266360568889,296.64449485124544,303.9942932128906
2022-06-22,307.0796041369427,300.27024959207955,305.63519287109375
2022-06-23,309.66380292056806,304.81963249404276,309.1823425292969
2022-06-24,316.5026416068686,304.96702305855496,315.952392578125
2022-06-27,322.74214636342583,316.0703685539049,320.560791015625
2022-06-28,323.4397675500095,314.1051451166703,315.952392578125
2022-06-29,323.93107909989607,316.98414729385735,322.3490905761719
2022-06-30,324.0194687437817,317.52452160986707,320.53125
2022-07-01,324.4125863571363,315.0681266099604,323.7935485839844
2022-07-05,323.0172759322012,311.04931288578257,316.76800537109375
2022-07-06,318.9100438747917,312.47407853664834,315.942626953125
2022-07-07,320.2070591889235,315.4120058289762,315.65765380859375
2022-07-08,328.7163015794178,314.5571487469744,325.4344482421875
2022-07-11,329.7283596623573,321.33701673074967,323.0860290527344
2022-07-12,327.2719821346091,319.9320174056094,321.6810302734375
2022-07-13,322.83058680526216,316.0998556527065,319.5192565917969
2022-07-14,321.62199508951437,310.28287591403586,320.8064270019531
2022-07-15,325.10032465500814,321.84794803484147,324.25531005859375
2022-07-18,325.1102342198886,319.14589314328464,320.3544921875
2022-07-19,326.0534365038987,320.2266740995903,324.225830078125
2022-07-20,325.1298169888117,317.2002939199172,320.91448974609375
2022-07-21,322.66350860978594,317.21994149774264,322.1034240722656
2022-07-22,327.615848675019,322.1231328252925,324.6877136230469
2022-07-25,335.7024890143552,326.84935711453886,330.3473815917969
2022-07-26,333.8748376248988,331.0056567057122,331.791748046875
2022-07-27,334.6020480484892,325.6997670474414,333.7078857421875
2022-07-28,336.576981876419,328.4411234962126,334.1990966796875
2022-07-29,336.4099840245595,331.63460178372054,335.63372802734375
2022-08-01,340.2715992706095,334.13039924055715,336.45916748046875
2022-08-02,339.1415859130677,328.5099344327924,329.2567138671875
2022-08-03,333.0297770997091,320.5115692110818,321.4057312011719
2022-08-04,342.42342561082654,330.6814709471153,331.9293518066406
2022-08-05,340.9398062870792,330.7601368775493,340.65484619140625
2022-08-08,343.7695722830565,338.4439412168641,341.332763671875
2022-08-09,352.3967411871672,343.4846262723505,348.5940856933594
2022-08-10,353.7036021872582,348.8594313889491,353.349853515625
2022-08-11,356.8675538669073,351.5812046573608,352.5146789550781
2022-08-12,359.0390601949589,351.23727841574026,358.8425598144531
2022-08-15,365.44552291762244,355.37395786420416,364.98370361328125
2022-08-16,368.69793982750224,363.8734103875285,367.3321228027344
2022-08-17,367.263343785177,360.3557243015918,360.9747619628906
2022-08-18,362.9988624746097,357.99747407278664,362.1440124511719
2022-08-19,366.5068010412876,360.6210847971339,364.55145263671875
2022-08-22,365.50445882913954,360.8567894524179,361.7116394042969
2022-08-23,361.77066065135034,357.43742698832216,357.6830749511719
2022-08-24,359.0488816652505,355.7473575468578,356.8970031738281
2022-08-25,360.8077443894253,355.8849495560608,360.5031433105469
2022-08-26,361.5544514989916,350.50029432478635,350.57891845703125
2022-08-29,360.650508259185,344.9977978529228,356.7004699707031
2022-08-30,358.60675369734383,351.8367106788125,357.6733093261719
2022-08-31,363.69566294676764,356.9942732953165,361.14697265625
2022-09-01,363.4496924644229,355.2820744411282,358.0275573730469
2022-09-02,364.98474197426515,357.00409770447516,358.0176696777344
2022-09-06,362.0719186340831,353.0580031081046,355.0457763671875
2022-09-07,361.74723258205194,351.611512040696,361.10760498046875
2022-09-08,365.88027114438137,360.25149405038394,364.256591796875
2022-09-09,365.0930650094406,360.1235854406384,360.3695983886719
2022-09-12,363.63665707581765,355.91184451137934,357.9291687011719
2022-09-13,354.2586813992698,341.712019766379,342.3418273925781
2022-09-14,343.25690724356764,332.9834055108487,335.9552307128906
2022-09-15,338.5826437313369,331.80251374221706,335.5812683105469
2022-09-16,341.81036816279163,333.08183428245974,340.7279052734375
2022-09-19,344.1032262897034,334.67602325728654,343.3848876953125
2022-09-20,342.6369805802291,337.2443661894183,340.0489196777344
2022-09-21,348.04923297029364,339.69464401215924,339.9603271484375
2022-09-22,344.3886107620787,338.5236704237387,341.4266052246094
2022-09-23,339.399419203264,332.8554815224491,337.79541015625
2022-09-26,339.9013012104319,334.8727814087126,337.4116516113281
2022-09-27,343.92613592338176,335.6994765289927,336.0242004394531
2022-09-28,345.40217478191926,335.6010274617104,343.3750305175781
2022-09-29,343.50293761144843,333.0916537025301,336.5456848144531
2022-09-30,341.0428043890212,334.085551672554,334.44964599609375
2022-10-03,342.78463307920936,333.9281660350966,341.21014404296875
2022-10-04,350.3814140577178,340.55074807798474,349.69256591796875
2022-10-05,351.73946039057137,345.6678478714056,348.7184143066406
2022-10-06,349.3580539593079,345.0085618861556,345.2939453125
2022-10-07,344.5656304017167,339.58633216096496,341.1509704589844
2022-10-10,345.1561434900784,341.1215254003415,341.7808532714844
2022-10-11,350.3125821811467,339.49786277115766,345.9433898925781
2022-10-12,349.4170867869444,339.8521024495002,339.88165283203125
2022-10-13,349.65325291932726,333.750974040646,348.8168029785156
2022-10-14,352.22167147316344,343.40457530555744,347.02587890625
2022-10-17,350.8833312242256,347.52771123412424,348.83648681640625
2022-10-18,357.03366608468684,349.98785189291794,355.1246032714844
2022-10-19,360.9206223799709,352.9498278294109,354.9080810546875
2022-10-20,356.17750951913314,351.8476582005269,353.4615173339844
2022-10-21,366.2542110203755,350.83410739855117,364.72894287109375
2022-10-24,375.4452304984407,367.98613209227426,373.0638122558594
2022-10-25,377.6691668383121,371.3810627849792,376.3308410644531
2022-10-26,383.42594702530073,377.8069897824816,379.2633972167969
2022-10-27,383.3274468635122,378.8696945703676,381.8808898925781
2022-10-28,389.68448124099046,381.8907784025855,388.4248962402344
2022-10-31,387.824643764316,382.24508682840246,383.1602478027344
2022-11-01,383.38647910834504,375.209013360201,375.9470520019531
2022-11-02,393.0499081585516,373.9396126360418,383.573486328125
2022-11-03,395.234596961926,377.17723962187074,391.23931884765625
2022-11-04,395.3722866523533,380.18837628900087,390.3240966796875
2022-11-07,392.8629912266634,386.1025304737008,389.4876708984375
2022-11-08,388.40521832210163,382.1269636659932,384.5378723144531
2022-11-09,388.4248637271393,379.65696002942923,380.0604248046875
2022-11-10,386.14184792182647,360.4580947507162,364.41400146484375
2022-11-11,359.7004219188574,335.8666881978056,350.529052734375
2022-11-14,362.1802533878152,351.5131354674401,355.3214111328125
2022-11-15,353.37297162316275,343.15851016797404,348.0393981933594
2022-11-16,361.9440567377712,350.2141771820651,357.4075927734375
2022-11-17,362.1015293181202,354.5243187121341,360.70416259765625
2022-11-18,366.4510161066453,360.29084303751375,363.83343505859375
2022-11-21,366.18529553199573,361.3437782268034,362.9084167480469
2022-11-22,373.3098200301723,364.5911368142907,371.7058410644531
2022-11-23,375.4452630212789,371.78458930960494,374.6777038574219
2022-11-25,380.8575326115875,374.8351409435552,377.22637939453125
2022-11-28,380.77882850095756,373.9593271963808,374.27423095703125
2022-11-29,377.3050822026707,372.1486313359451,375.69122314453125
2022-11-30,376.74565234762713,369.31538514011606,376.12481689453125
2022-12-01,379.0417643754624,373.6119501498222,374.193359375
2022-12-02,383.7817995752747,372.3013343176488,381.2196350097656
2022-12-05,378.11551148618753,372.5280213658991,376.87384033203125
2022-12-06,378.19428959476755,369.75887814575395,372.537841796875
2022-12-07,382.34299450905934,374.0751223030303,379.89910888671875
2022-12-08,382.29377509454486,374.9324951320466,376.0854797363281
2022-12-09,374.2624343876374,365.0288129024527,366.00439453125
2022-12-12,372.3506257699409,363.8954856854787,372.2520751953125
2022-12-13,371.94654974677104,362.5946816300515,365.68896484375
2022-12-14,368.71431565877333,360.3774546118744,366.8912353515625
2022-12-15,366.6251763041106,360.6829407520266,362.9198913574219
2022-12-16,367.9949415493116,357.7955736201129,367.2164611816406
2022-12-19,375.3956494961024,366.38866227143615,370.0742492675781
2022-12-20,374.05542041636255,370.06437784254217,370.0840759277344
2022-12-21,375.49418268486596,369.7490182583026,374.922607421875
2022-12-22,380.80569733124236,373.6907796186075,376.2332458496094
2022-12-23,379.61333555386705,374.8240545479927,378.0859069824219
2022-12-27,379.45567030929806,374.23282079659054,374.65655517578125
2022-12-28,376.17408372456083,371.7100172612709,372.0155029296875
2022-12-29,373.6120165793025,368.3300122220223,369.6603698730469
2022-12-30,370.5965552761347,366.0240729945066,369.6603698730469
2023-01-03,369.9264053305908,362.643948558806,368.8818054199219
2023-01-04,370.17277885236734,363.4815951831903,368.5664978027344
2023-01-05,368.6748538789317,365.6988193903642,368.6058654785156
2023-01-06,381.05201827216956,371.5819024576974,380.4311828613281
2023-01-09,385.7920825788095,376.4007873535156,376.4007873535156
2023-01-10,377.69176827247094,374.24270827078504,377.10052490234375
2023-01-11,379.3768143857004,374.8930193761118,375.25762939453125
2023-01-12,377.48477899927065,372.10425458822766,375.2970886230469
2023-01-13,378.64755494411486,374.0751036356039,376.2529296875
2023-01-17,379.7512703359368,375.55329287967686,377.8887939453125
2023-01-18,378.83484440154245,372.77435998244556,372.8926086425781
2023-01-19,374.43975373754654,370.359994650117,373.20794677734375
2023-01-20,374.9226031717489,369.16760480479456,372.537841796875
2023-01-23,375.50399584093736,369.44351202908126,369.5716247558594
2023-01-24,371.74948378308994,363.057876557646,371.020263671875
2023-01-25,375.41535433895723,370.4585640816871,370.5768127441406
2023-01-26,378.5490250307434,369.63072577180463,378.529296875
2023-01-27,381.9291437826499,372.9714472305177,373.68096923828125
2023-01-30,377.6720045162695,372.88275361047874,373.1783752441406
2023-01-31,374.52846838201515,368.19206012006265,373.1685485839844
2023-02-01,373.23752909300407,364.0630327639442,365.58062744140625
2023-02-02,375.7503357526039,350.35541748818036,361.14605712890625
2023-02-03,367.6007751108163,356.2780146626119,357.3028564453125
2023-02-06,361.65849933243595,352.4347438664423,352.9176025390625
2023-02-07,359.2342971941878,350.55252507848337,358.31781005859375
2023-02-08,364.50650284633235,358.0419517691916,361.34320068359375
2023-02-09,364.6049521242614,356.9874780489635,357.08599853515625
2023-02-10,364.250244315903,358.978104596307,362.71295166015625
2023-02-13,364.0531312271209,360.7124865525758,361.61907958984375
2023-02-14,364.84152497207845,360.42671798279855,360.5252685546875
2023-02-15,360.85045272969785,357.6674827756608,358.3474426269531
2023-02-16,360.9588198760352,355.7359409820788,358.4557800292969
2023-02-17,363.57034328671887,357.83504202690636,361.5205993652344
2023-02-21,362.73263125742363,356.1301644374317,356.2484130859375
2023-02-22,357.85471540443945,354.76040190811426,355.4502258300781
2023-02-23,359.6384166746987,350.4836177920101,355.08563232421875
2023-02-24,355.53891251120564,350.7003711960155,353.9129333496094
2023-02-27,355.69660197025297,348.67037001824224,350.1781005859375
2023-02-28,350.0003999999416,343.25954705310284,345.2433166503906
2023-03-01,347.53309461475476,342.8154967248032,347.1580505371094
2023-03-02,347.2863434643801,341.70022902612556,342.80560302734375
2023-03-03,345.38147273665777,338.4530983981284,341.1573486328125
2023-03-06,343.3879668793944,336.74584243209046,343.3485107421875
2023-03-07,344.2761413244864,332.14660437213473,332.92626953125
2023-03-08,334.86068549364774,331.7419346733851,333.8638610839844
2023-03-09,335.82789855902786,328.90943182430976,331.58404541015625
2023-03-10,338.35442633701007,330.4095291331719,331.8110046386719
2023-03-13,338.1669896219589,329.53121728746333,331.021484375
2023-03-14,334.8705209134891,328.8797859641769,332.1070861816406
2023-03-15,331.70243680544047,327.4190978882128,330.97210693359375
2023-03-16,335.8377687856057,328.06063446282155,335.48248291015625
2023-03-17,335.62061408240373,330.9128958755334,334.9198913574219
2023-03-20,342.4503464098645,335.7094920541522,340.742919921875
2023-03-21,344.08860760713515,339.79538973095254,342.9338684082031
2023-03-22,345.26304653780045,337.27866301062454,337.3576354980469
2023-03-23,336.4003779951722,330.6958342388297,331.4458923339844
2023-03-24,342.90434448960866,330.4194900272816,342.03582763671875
2023-03-27,346.56583836848023,342.9141588057821,344.83868408203125
2023-03-28,351.3821396668071,345.0953028226681,349.8523864746094
2023-03-29,353.41528855288425,349.9214932662862,352.4974365234375
2023-03-30,353.8791301501829,349.5760627857697,353.10931396484375
2023-03-31,356.7807502858907,350.59261367570497,351.4018859863281
2023-04-03,360.244889700788,352.2999624911633,359.02105712890625
2023-04-04,359.31719957939293,355.4582396597334,358.25128173828125
2023-04-05,368.97936544479694,359.66262926883155,368.29840087890625
2023-04-06,371.27900971869644,364.84413625405693,365.2586364746094
2023-04-10,366.5514984095957,360.916048872275,365.9297180175781
2023-04-11,366.81796960906206,360.5113747414948,361.3897705078125
2023-04-12,361.35033724906367,355.1918073674606,357.8269348144531
2023-04-13,362.5840154378998,358.02433238866126,359.56396484375
2023-04-14,361.2910750597376,355.36940322924943,357.2742004394531
2023-04-17,358.6164179549015,353.22770522752177,358.5374755859375
2023-04-18,359.5639415615135,354.34299216245,355.55694580078125
2023-04-19,356.21818769542705,349.56618549252164,350.9084167480469
2023-04-20,354.65877595227687,349.7733849950584,354.5798034667969
2023-04-21,358.30064900233134,353.41525746254655,355.1621398925781
2023-04-24,358.1526201972137,353.9581023697866,357.1952819824219
2023-04-25,360.22524418596544,357.1755860716823,358.5474548339844
2023-04-26,358.4979824098265,352.2999674543106,354.5502014160156
2023-04-27,360.5509357645746,352.19150621014205,359.0606384277344
2023-04-28,361.2219882407115,357.38275647679325,359.4849548339844
2023-05-01,360.39298496289945,349.06284095677216,349.3885498046875
2023-05-02,357.5702788364142,348.63843570191443,356.2872619628906
2023-05-03,358.5276245795958,349.58590216481826,349.7931823730469
2023-05-04,352.81323942879186,347.7403258025918,350.40509033203125
2023-05-05,363.0577005654789,350.95777110312514,361.09368896484375
2023-05-08,364.91318454113167,359.33694902466203,363.74859619140625
2023-05-09,394.6893690674022,378.009996540672,383.64544677734375
2023-05-10,391.57050722341944,380.98057440822254,389.3103942871094
2023-05-11,391.56075318379715,385.71805261366654,386.9319763183594
2023-05-12,387.7609831048705,383.3493360708506,384.87908935546875
2023-05-15,386.49762653201736,381.86888087979895,386.04364013671875
2023-05-16,391.4323784848826,385.6883794725258,390.8698425292969
2023-05-17,396.2881825578501,389.72500171639297,395.7256164550781
2023-05-18,395.27162693536496,388.7972676153216,392.66607666015625
2023-05-19,396.1696810789581,391.4915704132099,392.478515625
2023-05-22,394.2451733718923,387.62277863620153,391.2547302246094
2023-05-23,392.18241893434043,386.5963053508811,388.0076599121094
2023-05-24,392.212068400165,387.0700916605386,391.2547302246094
2023-05-25,391.945607773344,384.9876250534136,390.22833251953125
2023-05-26,392.3996052139978,382.4709372223334,382.8854675292969
2023-05-30,385.42185643076226,376.795964399403,379.2534484863281
2023-05-31,387.03163061081597,368.9253430802172,386.2804870605469
2023-06-01,389.26526217879615,383.5131805209216,384.6893005371094
2023-06-02,386.92290001271846,380.81500262627674,385.6084289550781
2023-06-05,390.96523415435917,386.68576028921257,390.6983947753906
2023-06-06,391.77569465940826,381.42783375001335,384.4224853515625
2023-06-07,384.145752352338,379.3918669819114,380.13311767578125
2023-06-08,387.2985537152955,379.3424747388732,384.6794738769531
2023-06-09,391.0837624751362,382.76197720896175,389.31463623046875
2023-06-12,392.04250536220417,387.63451350766184,390.6588134765625
2023-06-13,396.0551803368038,388.3856971863521,392.3686828613281
2023-06-14,393.82153471612844,384.93641980073085,386.6857604980469
2023-06-15,395.847625384699,387.90143968219076,395.40289306640625
2023-06-16,403.0328125072167,394.9581088092256,401.46136474609375
2023-06-20,407.7965218980756,400.92761794317147,405.5431213378906
2023-06-21,412.87659732973026,405.9385023512576,409.6249694824219
2023-06-22,413.77602275956644,406.9268736121548,412.3429260253906
2023-06-23,414.43815058971677,409.74356332350914,410.9098205566406
2023-06-26,411.21625111143794,407.3815092792517,409.25933837890625
2023-06-27,410.69239397672936,402.25201162659874,409.891845703125
2023-06-28,411.403918694747,407.1145527728695,410.36614990234375
2023-06-29,417.027617580413,409.5063788178941,415.9700927734375
2023-06-30,424.7366110383204,416.63225875143894,422.3250732421875
2023-07-03,419.08335207135593,410.8702972342313,415.8910217285156
2023-07-05,417.01775736448053,410.6726381854678,413.9045104980469
2023-07-06,415.28811322949906,407.79652376473655,411.05804443359375
2023-07-07,413.30160359646527,408.607015975184,409.9610290527344
2023-07-10,413.9242502963963,408.82444212606606,409.9215087890625
2023-07-11,412.21440407014217,406.5314825689623,408.89361572265625
2023-07-12,409.1603864683717,402.2420484098667,404.00128173828125
2023-07-13,407.233266647532,404.67348447247326,404.9106750488281
2023-07-14,409.0220989926567,403.0920940204154,404.72283935546875
2023-07-17,408.0535672614818,403.30957480648027,406.8675842285156
2023-07-18,409.9708848396992,405.05886292581505,405.84954833984375
2023-07-19,406.75879226337275,398.77306576144,406.1954345703125
2023-07-20,415.6044266181546,407.88553888219406,413.88470458984375
2023-07-21,414.92247878615314,409.20001521667234,409.4174499511719
2023-07-24,412.2836123621982,407.2134530059296,408.35992431640625
2023-07-25,407.58902096617555,404.4362324326751,406.4721984863281
2023-07-26,406.7390887868297,398.5556823409904,399.0794982910156
2023-07-27,403.3885748841582,395.9563129786515,400.7793884277344
2023-07-28,402.84501746248606,396.7371194739839,398.1899719238281
2023-07-31,399.40559391212946,390.68847942583096,397.7056579589844
2023-08-01,402.1531167752869,396.86552360357757,400.2950439453125
2023-08-02,409.6151267432512,400.6014933827577,408.251220703125
2023-08-03,430.4195476550307,417.21541711152355,430.0439758300781
2023-08-04,432.6333674931749,416.6717775075552,416.84967041015625
2023-08-07,422.89832688653195,416.3357734517821,417.3043518066406
2023-08-08,427.58300460246045,418.9844855039801,422.74017333984375
2023-08-09,428.28468799412065,420.63499184185946,423.343017578125
2023-08-10,430.51838830459485,423.254125822095,428.9271545410156
2023-08-11,435.85536709513514,429.5497902918086,434.92633056640625
2023-08-14,435.4995976325176,430.23175944071517,432.890380859375
2023-08-15,434.4025541327182,425.64592710615244,425.88311767578125
2023-08-16,428.64057491441565,423.6396060383857,424.608154296875
2023-08-17,417.2252570029267,409.51626266775423,412.0859375
2023-08-18,417.1165326597601,408.70579980394274,415.5252990722656
2023-08-21,422.6116647431013,414.13174132377065,420.882080078125
2023-08-22,421.6727751540554,413.024851011595,413.5091552734375
2023-08-23,417.8083716055562,413.60795144105003,416.37530517578125
2023-08-24,420.7140601066381,416.1677171315775,418.4112548828125
2023-08-25,421.03039199048004,417.01775733420044,418.36187744140625
2023-08-28,420.1704917376363,416.96829882166526,418.4606628417969
2023-08-29,419.5972256812658,415.0904246455481,416.7607116699219
2023-08-30,419.65653633475915,415.0607887077675,416.6816711425781
2023-08-31,418.89877807894715,408.0407843791628,408.1100769042969
2023-09-01,412.80172228926745,407.3281860265848,408.1299133300781
2023-09-05,407.2886137576831,400.587747379469,402.97314453125
2023-09-06,408.5555255324803,401.35976454900026,407.0510559082031
2023-09-07,417.5031957560532,408.42684101771675,414.34576416015625
2023-09-08,421.14563544419696,413.80141233812213,416.4837341308594
2023-09-11,422.47194561394423,415.76117231858024,419.5718688964844
2023-09-12,420.47257440651623,415.6622107990364,417.7902526855469
2023-09-13,421.6603341147639,415.7116881493776,416.1867980957031
2023-09-14,418.40390442097083,413.3856633777974,415.3157653808594
2023-09-15,418.45339171918204,413.7617980823738,415.8403625488281
2023-09-18,423.63001888591594,417.83974272676863,422.9272766113281
2023-09-19,428.44038996162124,424.124921016777,427.6584777832031
2023-09-20,440.25849103125006,429.5687732718569,435.3689270019531
2023-09-21,437.70481589667656,433.40913209036995,433.76544189453125
2023-09-22,436.70510399006076,431.45923067553923,434.18115234375
2023-09-25,442.3864952641948,435.11153531006335,441.8619079589844
2023-09-26,442.3073503773109,436.16076435369337,438.5065612792969
2023-09-27,441.83226049865186,435.4085044883904,439.8427734375
2023-09-28,441.8322638446861,437.4474722674194,437.52667236328125
2023-09-29,437.4573316356714,430.13289428667633,430.4100341796875
2023-10-02,434.72555937388665,428.67795833702377,432.953857421875
2023-10-03,435.9727035649324,431.4394796843775,434.0129089355469
2023-10-04,439.20928613490923,432.65688294018975,437.5167541503906
2023-10-05,443.4752567741911,439.57548299448297,441.24822998046875
2023-10-06,445.0886611845431,439.41718507489037,440.7434997558594
2023-10-09,447.16717529296875,437.5464185054835,447.16717529296875
2023-10-10,449.9683701080077,442.6637460487817,449.8694152832031
2023-10-11,452.9475651582913,441.93120078247586,451.99737548828125
2023-10-12,456.60981451526783,450.32464356438095,454.53125
2023-10-13,458.71808560616563,451.8786346019041,457.837158203125
2023-10-16,461.14304278605545,449.6119981321733,450.6413879394531
2023-10-17,453.72948457585017,448.85970612677943,450.60174560546875
2023-10-18,455.3923624585817,450.1167963816483,451.0669860839844
2023-10-19,452.8882048631018,445.81121404694926,448.6419982910156
2023-10-20,451.45296998495286,445.62312430202803,448.1866760253906
2023-10-23,449.67138699053066,443.4357235358159,445.4053955078125
2023-10-24,450.30486270659225,443.60396670979605,447.4344482421875
2023-10-25,450.7699989790331,445.0885860586321,448.37469482421875
2023-10-26,452.0567437710834,443.4356841176134,447.02862548828125
2023-10-27,447.24638686473503,440.86226103047426,443.45550537109375
2023-10-30,446.5139641987243,439.5062657923727,444.8412170410156
2023-10-31,451.5717747535008,443.16843949204997,450.71063232421875
2023-11-01,460.39081209340344,448.9191224770916,454.8974609375
2023-11-02,447.04842048310263,428.7966959595774,443.0298767089844
2023-11-03,458.16381301181946,443.3664434843111,448.1372375488281
2023-11-06,459.7474099286505,447.87984104402875,455.31317138671875
2023-11-07,456.94634587877766,450.35434242862055,453.3633117675781
2023-11-08,459.8067585210459,453.9571284146204,455.9664001464844
2023-11-09,460.2819032331368,455.40224725891875,457.1442565917969
2023-11-10,465.1714628271621,458.1241650520239,464.4984130859375
2023-11-13,468.34866926009596,461.7764815519674,465.8346252441406
2023-11-14,464.2114028496432,448.38467406872354,449.1864013671875
2023-11-15,449.1863953965457,434.32964145737617,441.8223571777344
2023-11-16,449.1665526942768,443.3267995195584,446.1773986816406
2023-11-17,449.4139986783399,444.39578788407437,445.60333251953125
2023-11-20,450.7601209695453,443.37629842791813,448.34503173828125
2023-11-21,452.8387260561747,447.9392546261554,449.67138671875
2023-11-22,454.9667235892377,449.4436803122239,452.779296875
2023-11-24,457.55007593329816,453.6602096431293,456.6592712402344
2023-11-27,461.68741934500764,457.08487305829664,457.1739807128906
2023-11-28,462.2218522844907,456.29302203288455,456.88690185546875
2023-11-29,456.7582735004042,450.7700576430243,452.0369873046875
2023-11-30,466.943644172004,449.7672832291984,466.38861083984375
2023-12-01,472.1272695503263,460.2039140268902,460.5309753417969
2023-12-04,462.1069053664631,453.7714539941679,455.2284240722656
2023-12-05,458.1126258615813,452.562262285826,456.7052307128906
2023-12-06,455.60500769404916,446.0306383220411,453.5335388183594
2023-12-07,454.604023838558,449.56903977026667,451.6206970214844
2023-12-08,454.03909308138907,446.9822144900772,453.8309631347656
2023-12-11,459.80747887866016,455.0202786787536,457.8846740722656
2023-12-12,460.83825243438554,457.1710700377437,458.04327392578125
2023-12-13,464.0990882376588,453.31553170560426,456.7151184082031
2023-12-14,447.68592284107353,432.957636003084,437.7646484375
2023-12-15,436.902366994105,427.5262351428344,435.5742492675781
2023-12-18,444.4547569659307,437.7645942682516,443.5726623535156
2023-12-19,445.73337069504197,440.569564223769,444.058349609375
2023-12-20,446.16946364656064,441.5705814043269,442.0066833496094
2023-12-21,449.06355358827034,441.11465963366186,448.69683837890625
2023-12-22,452.89929767373485,446.3379564318638,450.1736755371094
2023-12-26,452.4730603487415,447.53722608649895,451.7198181152344
2023-12-27,453.9399368902688,450.15379303944735,453.4344482421875
2023-12-28,457.617098889331,453.1867226174132,453.4444274902344
2023-12-29,460.23370507997043,453.93006853566624,458.8758544921875
2024-01-02,469.2232666015625,458.59829543836327,469.2232666015625
2024-01-03,480.91862328092594,472.0182182899368,476.0818786621094
2024-01-04,477.489338289747,470.04590271840857,470.3432312011719
2024-01-05,475.20965850701594,468.30144518595904,473.950927734375
2024-01-08,478.3516273831326,465.9425942582729,472.4048156738281
2024-01-09,478.837237821847,467.0030809945307,476.7955017089844
2024-01-10,481.6025431913268,475.1205100494086,479.4022216796875
2024-01-11,484.73450274817196,479.6995189603291,484.50653076171875
2024-01-12,485.38864046721744,480.49243027967015,481.0177307128906
2024-01-16,485.4283171032471,480.7105337199102,484.1695861816406
2024-01-17,490.374087768927,481.0475014025489,481.5133361816406
2024-01-18,490.3740768761622,475.8836846293817,488.6296691894531
2024-01-19,489.91813175988403,479.97704661956806,480.30413818359375
2024-01-22,485.78514880481646,479.0355198402464,483.00006103515625
2024-01-23,482.46479553324986,478.84715807201275,481.0672912597656
2024-01-24,483.68388808947253,479.9572101396384,480.7005615234375
2024-01-25,482.1179184037692,474.40688727259766,482.018798828125
2024-01-26,483.6343569746666,479.7392026301498,480.96820068359375
2024-01-29,484.00106211631726,480.1257499158871,482.14764404296875
2024-01-30,485.8842466070596,479.8085826586401,485.67608642578125
2024-01-31,502.7137362223464,490.35427759580614,495.4586486816406
2024-02-01,499.34389242889193,483.0198921952562,497.4012756347656
2024-02-02,503.5858964480201,497.5796193612581,499.9781799316406
2024-02-05,506.4106923931589,497.80764491222885,503.4372863769531
2024-02-06,511.00958069598596,499.9187737096213,502.37677001953125
2024-02-07,515.1425587943614,504.49777562791144,512.3970947265625
2024-02-08,506.20254855859963,483.96146974757767,489.84881591796875
2024-02-09,499.8394220753905,490.11638756489816,496.9056701660156
2024-02-12,496.0235577993249,489.5910994587934,490.0965881347656
2024-02-13,502.53526324567264,491.6030435476303,500.2952880859375
2024-02-14,501.5441891810755,490.43357105838174,496.75701904296875
2024-02-15,504.28960276340115,496.3803628318092,501.197265625
2024-02-16,507.93699723302285,501.9208289729104,506.52960205078125
2024-02-20,513.1800833640842,501.5837896172951,502.2478332519531
2024-02-21,504.5770539723867,498.3229928012946,502.921875
2024-02-22,510.6130202041379,499.9285840599769,505.7762756347656
2024-02-23,512.3872057263881,504.854601368787,511.6636962890625
2024-02-26,518.1853167229258,513.9036053649337,514.597412109375
2024-02-27,520.0387373403232,511.8519508017059,514.3793334960938
2024-02-28,519.3747323414736,512.4664879356212,519.0377197265625
2024-02-29,520.5658009072067,515.1775648840709,517.4003295898438
2024-03-01,527.1548273676112,518.7201912050591,521.8360595703125
2024-03-04,530.8959000653637,520.6155807302334,530.072265625
2024-03-05,533.1285335672734,520.4368486368551,524.7633666992188
2024-03-06,527.3731316022227,521.0024573454908,521.0123901367188
2024-03-07,525.3487283860992,516.9339592051014,524.4159545898438
2024-03-08,524.3962832708568,519.4744027515063,523.3543090820312
2024-03-11,523.076341480602,519.0376327726336,522.6099243164062
2024-03-12,527.3631920719735,519.5139856017827,527.15478515625
2024-03-13,529.2386295644778,513.9371661180586,516.2095947265625
2024-03-14,526.8174418797041,515.4058760424205,525.2892456054688
2024-03-15,529.8042594957101,520.3277101421785,529.536376953125
2024-03-18,532.5530307355342,524.4954767588046,525.6366577148438
2024-03-19,531.7690866447473,525.5373499972707,530.2310180664062
2024-03-20,531.6499951233911,525.4281914918084,526.6685791015625
2024-03-21,530.9753018413263,522.6200061882695,530.072265625
2024-03-22,531.7789576256032,525.9143715602411,528.4745483398438
2024-03-25,530.2111201065505,527.4326640434336,528.4547119140625
2024-03-26,534.1604957780094,527.5814752030066,531.967529296875
2024-03-27,535.8375261783493,527.1746783060582,535.1131591796875
2024-03-28,535.8473580990819,531.1338859676548,532.7215576171875
2024-04-01,534.120910429245,527.00606308734,532.364501953125
2024-04-02,532.8010175165406,526.976162481588,529.169189453125
2024-04-03,537.7427798323503,530.6378656342897,535.9368286132812
2024-04-04,538.824315889559,529.5660468735867,530.6774291992188
2024-04-05,537.1175679165636,529.059955265385,534.6069946289062
2024-04-08,533.1284945007169,526.9364896262003,528.1371459960938
2024-04-09,529.1890133841287,514.4333675454443,523.2252807617188
2024-04-10,533.9024510697047,525.1800679656575,525.9143676757812
2024-04-11,526.4303837604575,518.6308417559576,519.3452758789062
2024-04-12,523.9298445164281,517.48976111087,518.9881591796875
2024-04-15,525.3389958776936,518.6111631972134,518.6607666015625
2024-04-16,527.1249786938133,521.5283361637079,524.2869262695312
2024-04-17,527.908933297109,520.2383961849562,521.8756713867188
2024-04-18,524.3565828912461,510.9207234603819,514.8204956054688
2024-04-19,521.7864996726145,513.0343162688196,520.794189453125
2024-04-22,529.1195466894079,513.8380079440839,523.2649536132812
2024-04-23,528.7623076362157,523.8305558625581,527.908935546875
2024-04-24,533.0194110510855,525.2099351659936,531.3026733398438
2024-04-25,538.1296787648132,530.6079523156018,535.787841796875
2024-04-26,540.6203458586047,530.5682418813709,539.1219482421875
2024-04-29,539.0724427120151,531.4019052920331,531.967529296875
2024-04-30,535.0437342892405,529.6455644277567,533.0789794921875
2024-05-01,530.9851710298735,514.2846337436627,527.0159301757812
2024-05-02,529.6951451070053,520.8536883336445,526.1923217773438
2024-05-03,525.9242776729224,516.487400283019,524.7930297851562
2024-05-06,530.5186941140443,526.7181298988282,529.3080444335938
2024-05-07,542.4264603662643,529.4172898374235,541.55322265625
2024-05-08,561.6573947694798,534.4780092379245,539.4296264648438
2024-05-09,552.1808573339943,539.707513074013,550.8511352539062
2024-05-10,556.1798658856519,551.8534084816911,555.6043090820312
2024-05-13,559.0278061917959,549.3230448595508,550.3450927734375
2024-05-14,552.4586719709414,545.6018363677085,547.33837890625
2024-05-15,551.357313238683,544.5103487321114,547.318603515625
2024-05-16,554.1257852888149,548.3307282613497,551.4862670898438
2024-05-17,560.5261172644,553.6394837807436,560.1788330078125
2024-05-20,561.8062047548063,553.9074558915557,559.662841796875
2024-05-21,560.6551033671817,547.9336829573979,548.14208984375
2024-05-22,556.3684222676965,544.5897061694858,553.0938110351562
2024-05-23,559.8811719022126,553.4907530430227,553.7388305664062
2024-05-24,559.5239652813402,553.7983771191829,556.4180297851562
2024-05-28,553.3914889612722,542.8035571591796,545.0362548828125
2024-05-29,555.7830083924651,543.5775453181627,554.5922241210938
2024-05-30,560.5857433357801,554.1059898098321,556.6463012695312
2024-05-31,566.2022099380771,554.6417737954637,565.2098999023438
2024-06-03,570.7133683407917,562.0410798267897,569.3722534179688
2024-06-04,570.9020366919124,565.5079287886939,569.9384155273438
2024-06-05,575.9981745807206,569.2629515265497,575.7696533203125
2024-06-06,583.3492879975392,574.4783089220466,582.2366943359375
2024-06-07,587.8889431627138,580.3689639512139,583.0213623046875
2024-06-10,588.2069123828649,579.5544514398612,587.3724975585938
2024-06-11,587.4022724842911,580.5478474995084,587.3823852539062
2024-06-12,586.1010067737868,571.2200209531326,580.9254150390625
2024-06-13,588.494928782466,575.1735777782344,587.163818359375
2024-06-14,588.415545917727,582.0876475397445,586.05126953125
2024-06-17,594.7931056887379,585.107539458316,593.501708984375
2024-06-18,600.1573423774536,591.5346530514006,598.9453735351562
2024-06-20,601.3296326711267,596.2831873861485,599.25341796875
2024-06-21,602.3131221120408,596.9190137169892,599.0945434570312
2024-06-24,605.5415914223604,600.5646909022131,603.793212890625
2024-06-25,608.1243194861472,600.3758796720122,600.425537109375
2024-06-26,602.9488993398581,592.2599975832248,595.5977783203125
2024-06-27,596.2435302633581,579.8227397691692,589.2798461914062
2024-06-28,588.9022415906709,578.481576486652,580.1802368164062
2024-07-01,590.1141524788511,579.0875331809661,582.465087890625
2024-07-02,582.2564845363667,571.7463869372875,580.965087890625
2024-07-03,581.0247958671642,574.8955263736998,579.4949340820312
2024-07-05,584.0148217679481,575.4020747715715,583.875732421875
2024-07-08,587.8989952297306,583.6571943098592,585.6340942382812
2024-07-09,588.8724063672375,582.0577566070281,582.9319458007812
2024-07-10,584.4916437435903,580.9651163579508,582.9419555664062
2024-07-11,582.5345744241513,567.236384550311,571.428466796875
2024-07-12,578.4220935412785,569.898777414299,572.84912109375
2024-07-15,583.200257279739,573.8325833774265,574.4385375976562
2024-07-16,580.2896327967852,575.0147266859468,580.0909423828125
2024-07-17,583.2101666050143,575.9981355513739,578.21337890625
2024-07-18,581.4915557337661,573.7133449890861,574.6073608398438
2024-07-19,584.0744140124896,574.2795289858907,576.296142578125
2024-07-22,581.0643937871384,576.1173242773177,579.1471557617188
2024-07-23,588.5844152778999,580.0511563176509,581.8690795898438
2024-07-24,587.4916581150179,579.7630444472505,586.0909423828125
2024-07-25,596.5016952442047,588.4552492865647,591.7930297851562
2024-07-26,599.1839045900277,590.1142357908354,596.1937866210938
2024-07-29,603.3264640995848,594.1971931263748,602.7006225585938
2024-07-30,612.0781115674721,601.6673288705798,605.6905517578125
2024-07-31,616.9656673036169,603.7237416076127,612.9424438476562
2024-08-01,627.197579288058,616.5285644019021,624.9326782226562
2024-08-02,633.296873813968,617.1840359986162,626.2139892578125
2024-08-05,623.8002260406641,602.4224208220421,608.8993530273438
2024-08-06,621.614648939063,606.6144635250143,610.2601928710938
2024-08-07,621.0384279002011,606.5249954219765,613.4290771484375
2024-08-08,573.6835213887803,532.1597738717616,543.8917236328125
2024-08-09,546.3552756758985,528.9013831220353,537.57373046875
2024-08-12,550.6467655737853,534.4445548221983,547.358642578125
2024-08-13,553.0408248291817,546.1665733960901,548.1036987304688
2024-08-14,554.312391175246,547.3586515010046,549.1765747070312
2024-08-15,551.4812866625001,536.490983032758,541.8056030273438
2024-08-16,545.9678566202479,536.9180760577,544.0903930664062
2024-08-19,547.19969508927,543.8221403874232,544.7758178710938
2024-08-20,547.0208921229539,542.342057343693,544.8950805664062
2024-08-21,555.3058295004136,544.0705744450959,554.5508422851562
2024-08-22,561.2462303929781,552.2957645506921,557.1932373046875
2024-08-23,558.7826134320891,547.3785005636847,548.5010375976562
2024-08-26,551.3323183661347,541.3984027198981,543.85205078125
2024-08-27,550.9150424141318,545.4513894877646,547.0805053710938
2024-08-28,554.4116464648702,548.4215286036383,553.0209350585938
2024-08-29,557.451448980052,551.8388243756874,552.474609375
2024-08-30,559.4073894018271,552.2060518905778,558.0845336914062
2024-09-03,573.7702842535339,559.5068767591516,570.8858032226562
2024-09-04,574.8444398706735,562.361456127554,568.22998046875
2024-09-05,558.9995707678181,503.74615558556354,512.0018310546875
2024-09-06,516.4380763566177,500.65277722196385,501.4783630371094
2024-09-09,513.1954537472351,500.7422762062955,506.7003173828125
2024-09-10,512.320130360147,502.3038852056821,503.0299987792969
2024-09-11,508.26191819209055,501.7966203753304,507.7248229980469
2024-09-12,510.64912808228274,504.6512919053005,508.44097900390625
2024-09-13,519.7502278839811,504.35289234107,516.0401611328125
2024-09-16,523.7288322014508,514.7371177391889,517.0447387695312
2024-09-17,518.2185265004897,507.46624049993625,511.1663513183594
2024-09-18,513.5734258339448,507.23740859765195,508.8885498046875
2024-09-19,512.6781972296191,502.4829202836205,505.447021484375
2024-09-20,507.07821964563465,502.1845040032127,505.287841796875
2024-09-23,509.8234991331612,501.60758860240696,502.3038635253906
2024-09-24,485.8522255444667,461.94059095627506,477.9247741699219
2024-09-25,480.67996940129336,469.7685350915165,476.58197021484375
2024-09-26,480.5009381431341,469.97743558698977,476.5024108886719
2024-09-27,486.4092192768085,476.5919178840778,485.6433410644531
2024-09-30,491.7803955078125,484.2209644452692,491.7803955078125
2024-10-01,496.1071249430731,488.97542158120325,495.8186950683594
2024-10-02,495.0528189688657,484.45968322521315,486.1705017089844
2024-10-03,491.0940595593818,479.02881497666897,479.6952209472656
2024-10-04,482.90802023457076,477.8352419634421,482.8284606933594
2024-10-07,485.95164576119635,479.8643244207072,481.0877685546875
2024-10-08,493.34196629370064,484.1711894211621,492.44677734375
2024-10-09,499.99627785549984,491.7505584762343,499.43927001953125
2024-10-10,505.70563875993275,499.22042858980507,503.5472106933594
2024-10-11,508.0032893258649,502.7713620740019,502.8907165527344
2024-10-14,508.2718841890026,501.2296960967946,506.5610656738281
2024-10-15,519.8397676487647,505.5862562070373,510.9275817871094
2024-10-16,510.72865758467213,504.5816890040927,508.2022399902344
2024-10-17,509.3261929639129,503.2985487413509,506.0040283203125
2024-10-18,509.0079239960046,499.81726401887727,506.48150634765625
2024-10-21,509.26654719472066,504.0545320892632,505.606201171875
2024-10-22,506.92907718436504,501.26945249812456,502.681884765625
2024-10-23,506.0537615603064,497.34055019684047,499.0812072753906
2024-10-24,506.8097387759955,496.3757521153806,502.2641296386719
2024-10-25,505.8747121625354,498.8424505256981,504.7010192871094
2024-10-28,508.5901300785649,502.5226911885786,506.2327880859375
2024-10-29,507.8242774278866,496.375747343464,496.5149841308594
2024-10-30,499.25027155952347,489.7612258951418,496.6741027832031
2024-10-31,507.0683451970941,495.6595799390397,497.9174499511719
2024-11-01,524.0969327854681,504.76074600215344,523.530029296875
2024-11-04,525.3998758984246,519.6607224284198,523.132080078125
2024-11-05,526.6731494826746,517.4228116902793,522.4757080078125
2024-11-06,546.8449027373256,527.5584061214682,546.3773803710938
2024-11-07,613.2186138016817,570.6769329306856,604.2666625976562
2024-11-08,615.2775212282506,590.1026495383965,609.727294921875
2024-11-11,624.070201951218,608.8220921817813,612.3034057617188
2024-11-12,620.9371836073648,610.0356747040762,614.3624267578125
2024-11-13,624.9058749635715,613.3379599854468,621.265380859375
2024-11-14,619.7038116277884,606.2559724501916,606.9024658203125
2024-11-15,610.8413145673637,601.0637782403891,603.0531005859375
2024-11-18,614.2131912078177,603.0530619946275,612.3133544921875
2024-11-19,614.6508676749767,604.9827297613209,612.3631591796875
2024-11-20,619.3755827214112,610.7916511357419,617.8239135742188
2024-11-21,626.367937889316,613.6860084024204,624.915771484375
2024-11-22,629.2127545934719,618.748899352916,619.8629150390625
2024-11-25,625.6319338653357,612.1940514388474,613.4373779296875
2024-11-26,622.1904686355829,611.0005297928095,621.6632690429688
2024-11-27,628.0290458094316,621.4642460926445,623.0358276367188
2024-11-29,627.3427542414851,620.9172213728123,625.14453125
2024-12-02,623.0334840989073,615.8140347356705,618.6719360351562
2024-12-03,625.1845034637207,615.2863856267244,615.3461303710938
2024-12-04,617.5666234989458,607.0610921754533,609.4111328125
2024-12-05,607.290066260356,596.7646004116713,604.9599609375
2024-12-06,605.4478572141564,599.6224726317038,600.9867553710938
2024-12-09,601.4050332224648,582.0569164006957,589.4058227539062
2024-12-10,589.3261316666437,579.7068039919643,581.499267578125
2024-12-11,581.0312210109381,568.8925860365633,574.2598876953125
2024-12-12,582.186336353207,573.4333381072441,576.848876953125
2024-12-13,579.6470594869603,572.935470955465,573.811767578125
2024-12-16,583.0327577746831,563.8539078883985,567.6677856445312
2024-12-17,565.7857781814969,555.7781393391274,560.4085693359375
2024-12-18,572.8060658818326,556.0071578578674,568.573974609375
2024-12-19,577.6853741585652,563.5850094569614,576.7791748046875
2024-12-20,581.4694045428788,567.9665466576935,577.2970581054688
2024-12-23,577.5161788325681,567.2296905040969,574.3296508789062
2024-12-24,578.3426144923459,570.6949841759972,576.6896362304688
2024-12-26,578.1533925570493,574.020916657303,575.9925537109375
2024-12-27,580.2844152882539,572.2384461234925,574.2101440429688
2024-12-30,573.5926602014156,566.6918706467185,568.3448486328125
2024-12-31,574.1901693842482,564.779978694042,567.5084228515625
2025-01-02,572.557161848234,563.3660741571568,563.8241577148438
2025-01-03,577.5161755279127,565.8355622934387,575.0067749023438
2025-01-06,586.0699092988285,571.8600826826303,577.984130859375
2025-01-07,586.0301048387412,579.8462510940344,582.7738647460938
2025-01-08,588.3701524187763,581.8278305378268,587.772705078125
2025-01-10,589.8240077768183,578.5616698421412,579.28857421875
2025-01-13,586.5977074879768,569.9880022176021,582.6145629882812
2025-01-14,592.0845106547958,578.3127712526177,591.2280883789062
2025-01-15,592.8113698183242,575.4846679086486,580.9913940429688
2025-01-16,593.2793931642245,579.0296961554668,592.6819458007812
2025-01-17,595.4900770591555,584.0683784719077,590.072998046875
2025-01-21,595.4801052035781,579.447972836205,583.6103515625
2025-01-22,585.5222212543717,575.4747128582318,581.91748046875
2025-01-23,595.6095409829755,583.1124376648155,594.653564453125
2025-01-24,595.5398943875073,584.0585110665929,589.0872192382812
2025-01-27,602.311176342566,590.0232096903507,601.8829956054688
2025-01-28,605.2686817494296,594.5739487675257,600.4092407226562
2025-01-29,603.1277098462637,593.9764332761393,600.6382446289062
2025-01-30,608.7339926420542,601.5643206338067,602.05224609375
2025-01-31,601.9527507844518,589.4854882588753,592.2438354492188
2025-02-03,599.6524888795375,587.7927020852499,597.29248046875
2025-02-04,603.7849422554707,592.612191133735,600.7776489257812
2025-02-05,610.3969258788821,601.1759371441055,604.3425903320312
2025-02-06,597.352174341219,568.1059412598709,597.2227172851562
2025-02-07,600.6682021104721,588.6390880664267,593.1798706054688
2025-02-10,602.022413566361,581.0909701634322,600.8573608398438
2025-02-11,608.355535690182,598.8557590989592,607.8377075195312
2025-02-12,608.9232076692982,591.4571411396838,592.4927368164062
2025-02-13,600.4291064213419,587.1751960628251,599.9312133789062
2025-02-14,600.2399545112702,590.7700192916528,591.188232421875
2025-02-18,597.5512957818753,582.7638368220241,596.89404296875
2025-02-19,608.7240612895267,594.2851621157099,600.2001342773438
2025-02-20,602.6696743917802,594.3349490421263,600.9669189453125
2025-02-21,602.2713699597658,591.8454576516821,595.1913452148438
2025-02-24,606.0055539698935,596.0576605586579,603.2073974609375
2025-02-25,625.2739873187156,598.9155585758599,624.4375610351562
2025-02-26,630.2529250936104,617.417288380518,620.9921264648438
2025-02-27,626.6780719521257,616.8695425784448,618.2337646484375
2025-02-28,638.9959461194928,620.0660428237964,637.56201171875
2025-03-03,646.454306059976,634.920323088741,642.526611328125
2025-03-04,651.8873914169433,637.3726509661795,641.689208984375
2025-03-05,645.8960458587178,619.946987701032,637.6318359375
2025-03-06,644.9788868485252,624.3831331549433,639.6953735351562
2025-03-07,651.6481465000992,634.5215547281358,642.217529296875
2025-03-10,661.5572246529467,631.5607893067321,656.7921142578125
2025-03-11,659.7926611563646,644.1813659447567,651.1596069335938
2025-03-12,649.953337791875,633.0261386263879,638.6685180664062
2025-03-13,643.7328247626353,636.2162833874784,641.689208984375
2025-03-14,649.8636867811557,637.1831938518833,648.408203125
2025-03-17,655.127210562515,646.4841777593386,653.2131958007812
2025-03-18,660.6001297232575,647.4611063564822,659.5534057617188
2025-03-19,664.9166886809468,652.6150809629733,661.7266235351562
2025-03-20,667.9173964487936,658.4469259021316,664.2886962890625
2025-03-21,668.7048995259286,655.805119690379,659.1148071289062
2025-03-24,661.5273416499003,653.7714955846595,658.8057861328125
2025-03-25,662.1852353137139,651.2892175914868,661.5372314453125
2025-03-26,667.7778111051001,657.7690410676956,660.9591064453125
2025-03-27,666.7210444056374,660.9590429905335,663.6007690429688
2025-03-28,669.911153766915,657.4300514910758,665.9833984375
2025-03-31,676.5604083021145,664.3584647962693,670.8980712890625
2025-04-01,675.623367682098,665.8638202000861,671.595947265625
2025-04-02,693.2983222892286,672.981664613605,691.3743286132812
2025-04-03,722.7463994467648,694.3349892616162,714.7014770507812
2025-04-04,726.0561262299013,678.4345931373107,680.9866333007812
2025-04-07,673.5099705783404,647.9795893604443,659.912353515625
2025-04-08,677.8064779234826,644.7196453218086,650.8007202148438
2025-04-09,680.2090879432983,639.7352509600099,669.6719360351562
2025-04-10,689.6197176559082,667.1298457224331,677.2183837890625
2025-04-11,691.354287469673,671.3666235150198,687.2171630859375
2025-04-14,694.215379125957,671.944793950607,691.8228149414062
2025-04-15,700.0272717880315,684.8645286596385,690.706298828125
2025-04-16,695.6409678784264,683.1798221096598,692.5406494140625
2025-04-17,699.8178976038702,684.5056573532196,694.9132080078125
2025-04-21,700.844785307538,673.2807060837773,680.3685913085938
2025-04-22,694.7038832572571,673.0813008107702,693.0091552734375
2025-04-23,697.7044944988794,668.6152050531181,690.1181640625
2025-04-24,692.8396238149797,682.2924942315503,686.2900390625
2025-04-25,693.4677072189373,679.8003015053198,692.8396606445312
2025-04-28,698.7512137157232,690.4371719423866,697.554931640625
2025-04-29,708.6703285072107,691.1649138761072,705.08154296875
2025-04-30,712.9868622981757,703.2073581475446,710.5743408203125
2025-05-01,712.6778539748153,696.5680510848536,704.5731201171875
2025-05-02,714.5220494367467,701.4926690119764,706.2079467773438
2025-05-05,715.2198357187801,703.6658361891898,704.8023071289062
2025-05-06,712.7675393779577,699.5188714716675,708.8597412109375
2025-05-07,726.2155657638149,706.5169782168955,720.1245727539062
2025-05-08,719.8753617730467,687.3767197503857,688.1044311523438
2025-05-09,719.4068823963671,680.308760307017,691.3045043945312
2025-05-12,686.439576106733,662.0755450579821,685.3828735351562
2025-05-13,694.8134432987107,680.7373396778637,685.64208984375
2025-05-14,691.7729915375666,673.9186894734986,680.1592407226562
2025-05-15,704.5730890027386,678.833340830393,704.5631103515625
2025-05-16,722.138324219494,704.5631203588575,721.928955078125
2025-05-19,724.2517333179458,717.8517062184537,724.14208984375
2025-05-20,728.7277550623094,714.9407272834377,716.9544677734375
2025-05-21,718.0211228980678,713.0366651108604,716.495849609375
2025-05-22,718.5195679570044,706.2478353310104,708.4310302734375
2025-05-23,716.0174560548852,707.2746964665562,713.8641967773438
2025-05-27,719.2772180519484,712.0796293470202,718.1407470703125
2025-05-28,719.2472721077385,709.2683779925771,709.9163818359375
2025-05-29,711.4815807947253,702.798632643024,710.6441650390625
2025-05-30,722.0087337254934,708.3014739639912,717.2734985351562
2025-06-02,720.6262655384428,712.0745199144629,720.2171630859375
2025-06-03,725.0369192991144,704.5305752067939,713.3617553710938
2025-06-04,715.6169904168797,707.3845113328149,707.9533081054688
2025-06-05,712.0545930835611,703.8221136734923,710.0887451171875
2025-06-06,712.3739138800846,701.0779470543318,711.3760375976562
2025-06-09,709.2904803575076,696.4478169140081,706.7159423828125
2025-06-10,710.4778996256211,697.7150843476511,703.363037109375
2025-06-11,716.2356567382812,704.5405155840639,716.2356567382812
2025-06-12,729.6271226383432,716.1059121235578,729.2479248046875
2025-06-13,731.4333087688575,723.2606997778024,726.6535034179688
2025-06-16,728.7390750214007,715.656931097629,718.0418701171875
2025-06-17,726.9129659845983,715.7766327592307,722.8416137695312
2025-06-18,731.0141995978411,722.1730307873978,727.3619384765625
2025-06-20,731.5430412109596,717.3133773053487,719.388916015625
2025-06-23,726.873028737064,718.5108205701958,720.2970581054688
2025-06-24,721.2150784743159,706.6560368091352,719.2891845703125
2025-06-25,725.5158698280777,716.6946173937735,716.8842163085938
2025-06-26,730.1360984027613,719.3590467502247,720.4666748046875
2025-06-27,734.7961342392198,719.2591938574715,724.2386474609375
2025-06-30,732.3712759754771,720.1472924617487,731.2237548828125
2025-07-01,735.3949087743557,710.9668565709683,726.1944580078125
2025-07-02,722.6121421267969,703.7422673141413,703.9518432617188
2025-07-03,717.7723999023438,703.1834534823355,717.7723999023438
2025-07-07,734.3271798546562,716.2655829004109,733.7683715820312
2025-07-08,736.3229072628486,720.0275713448331,722.5721435546875
2025-07-09,726.4639196072633,714.9284722584418,725.685546875
2025-07-10,726.8231062805808,705.927575544808,713.0224609375
2025-07-11,709.2804716804072,704.6004294082089,708.0830688476562
2025-07-14,715.1579820837725,704.2512013921307,714.0503540039062
2025-07-15,716.4751691879023,706.2569258234786,709.3104248046875
2025-07-16,714.4694397772469,705.6681635335623,714.219970703125
2025-07-17,714.6789555342826,699.0122868177885,708.7715454101562
2025-07-18,712.3339894698411,704.9996228512258,708.2926025390625
2025-07-21,713.0125413975327,700.5091228336665,709.6995849609375
2025-07-22,717.6626459716924,705.1193337933264,707.9632568359375
2025-07-23,713.2720039924059,706.1472132444819,712.4837036132812
2025-07-24,717.1836881502585,706.3866594163371,708.6817626953125
2025-07-25,715.3775170419304,708.4522533430543,710.3082885742188
2025-07-28,714.9782947904248,699.7706713006884,704.780029296875
2025-07-29,713.7908965996434,701.6367705252195,710.6376342773438
2025-07-30,715.1380284789675,704.5006935308896,713.4017333984375
2025-07-31,715.4773396612625,684.8425236759696,692.067138671875
2025-08-01,698.513381661276,687.4170025278995,697.31591796875
2025-08-04,709.4401032530726,696.298090628841,709.4301147460938
2025-08-05,712.064556018702,703.5027606861636,707.9832153320312
2025-08-06,709.9690177755315,685.7406126318808,702.2654418945312
2025-08-07,690.7898307648686,647.2225190659221,661.8414306640625
2025-08-08,669.9741134427913,655.0957450071398,667.1600952148438
2025-08-11,681.3798805466218,665.8229624694538,671.3412475585938
2025-08-12,665.334026490152,635.647206410539,657.6104736328125
2025-08-13,669.4752217529717,658.4586286234907,661.7615966796875
2025-08-14,676.2607417442434,660.2847333564398,672.3889770507812
2025-08-15,680.5516101882508,669.9641576734714,671.62060546875
2025-08-18,675.5621846291873,667.080236963976,669.7645263671875
2025-08-19,680.2522785140825,666.0824230266409,675.472412109375
2025-08-20,702.3252795395783,679.3841139717578,701.4471435546875
2025-08-21,707.0352552756298,697.1962095248664,704.5006713867188
2025-08-22,707.9931850347413,683.2558552242826,687.9857788085938
2025-08-25,691.8376443734685,677.3285442838951,677.4682006835938
2025-08-26,681.4996000556927,671.9499169933721,679.0747680664062
2025-08-27,684.812558860665,676.370503794542,682.0584106445312
2025-08-28,682.4475577629657,675.8416221892712,679.5736694335938
2025-08-29,687.0477864097653,678.2066174549578,685.1817626953125
2025-09-02,695.821841634175,683.8730105352513,690.9763793945312
2025-09-03,694.4231876797106,684.8320846799918,690.1971435546875
2025-09-04,696.1015739469881,687.7293678635876,690.8065185546875
2025-09-05,690.0672321439955,681.7149657989926,686.7603149414062
2025-09-08,696.9108371800374,682.7440406299594,696.3313598632812
2025-09-09,706.5218595097754,692.215179021518,704.8933715820312
2025-09-10,708.5500408543105,698.1197537359727,705.5927734375
2025-09-11,726.6331477474606,705.342981715824,719.130126953125
2025-09-12,723.3262446802714,709.9187504232594,710.7579345703125
2025-09-15,714.624315296031,700.327634898802,702.2258911132812
2025-09-16,707.0414264474175,690.986373874927,692.8046875
2025-09-17,699.3485521519777,690.6966383229736,691.5957641601562
2025-09-18,697.3304636298027,687.3597701972833,689.48779296875
2025-09-19,698.7291678345584,690.027251333822,697.66015625
2025-09-22,700.1378305096184,687.0400451675773,696.3513793945312
2025-09-23,748.0531957891333,713.335534949504,740.6201171875
2025-09-24,769.2834086984043,744.9660335981631,759.8721923828125
2025-09-25,762.2999326827902,714.6443113554141,735.8345947265625
2025-09-26,761.0111182515329,741.0897328460366,759.8422241210938
2025-09-29,764.5278230676096,755.5062585053772,761.1110229492188
2025-09-30,774.128892774608,759.1528523687683,771.821044921875
2025-10-01,775.4177472379957,762.220018367334,764.3680419921875
2025-10-02,763.6386629795451,752.6488997021462,757.9939575195312
2025-10-03,761.4507174211687,729.3606127353526,737.3731689453125
2025-10-06,743.0078889413571,732.0880682463483,740.60009765625
2025-10-07,750.0413635096528,732.4977070062047,749.4319458007812
2025-10-08,755.6561095879503,743.3076265557808,755.0466918945312
2025-10-09,758.6133583749488,746.9042336956591,757.254638671875
2025-10-10,768.7239498146864,757.2346518904573,762.8394165039062
2025-10-13,774.9781688925251,751.7697445729574,768.77392578125
2025-10-14,783.1605015671622,761.5406258074336,781.17236328125
2025-10-15,791.6026457506887,775.2778255320759,791.1929931640625
2025-10-16,793.2311082012469,773.729314832177,774.7183837890625
2025-10-17,792.3719235435697,773.3196626156189,785.2685546875
2025-10-20,792.801500660402,779.583832162582,787.0868530273438
2025-10-21,788.1857999830802,780.1733050025916,786.5573120117188
2025-10-22,796.5280665100371,781.1323731698851,794.8795776367188
2025-10-23,798.7560083035587,786.2776408947284,792.2320556640625
2025-10-24,806.9983092316523,790.8933153543477,800.9239501953125
2025-10-27,811.1044675618823,798.4262744506174,810.6848754882812
2025-10-28,811.9336850272026,799.7949678459346,803.8412475585938
2025-10-29,810.8646950864388,800.9938846148491,806.87841796875
2025-10-30,845.5324103752157,820.9353269614866,824.7617797851562
2025-10-31,830.146695091378,807.4678084358882,810.5849609375
2025-11-03,820.5256807222178,805.1999903647148,819.526611328125
2025-11-04,845.6422988161856,811.1544038642312,840.88671875
2025-11-05,862.516626097313,835.4818098085315,843.474365234375
2025-11-06,859.1996952400667,792.5717536433044,857.8109741210938
2025-11-07,866.8226038846161,845.6423200305941,851.1971435546875
2025-11-10,861.1778079217165,841.2563619699141,858.5702514648438
2025-11-11,860.7482354060633,851.7266703695898,855.6430053710938
2025-11-12,853.3051423081375,838.2092184476508,839.9675903320312
2025-11-13,848.9491964070447,836.1711211214713,845.4524536132812
2025-11-14,854.2043558931732,840.5670338902021,841.306396484375
2025-11-17,854.7837928994982,842.2354839891747,854.43408203125
2025-11-18,862.6664140716113,841.5461335801434,859.948974609375
2025-11-19,866.5727941822126,848.8193119815844,851.6766357421875
2025-11-20,860.5883849747638,844.6931570446156,848.6694946289062
2025-11-21,868.9306296244608,847.7104048506185,865.22412109375
2025-11-24,872.6371826301389,859.7292230116371,869.4002075195312
2025-11-25,890.7702409298347,872.8269937680415,888.4524536132812
2025-11-26,894.7465830810517,882.8876342773438,882.8876342773438
2025-11-28,887.5133618013532,879.6206889350228,880.300048828125
2025-12-01,883.2999877929688,855.5900268554688,856.8900146484375
2025-12-02,854.3200073242188,825.0800170898438,829.7000122070312
2025-12-03,835.3900146484375,802.719970703125,805.3699951171875
2025-12-04,814.6900024414062,803.0,814.1799926757812
2025-12-05,818.9199829101562,806.2899780273438,808.6199951171875
2025-12-08,807.3400268554688,789.9600219726562,797.9299926757812
2025-12-09,807.1400146484375,794.8200073242188,795.010009765625
2025-12-10,815.9099731445312,793.9199829101562,813.0999755859375
2025-12-11,819.530029296875,806.989990234375,815.5399780273438
2025-12-12,826.0,812.0,813.7999877929688
2025-12-15,824.8099975585938,813.0,823.010009765625
2025-12-16,824.9500122070312,804.1699829101562,809.9600219726562
2025-12-17,812.97998046875,801.2100219726562,806.52001953125
2025-12-18,819.3900146484375,807.75,810.5599975585938
2025-12-19,825.6099853515625,811.760009765625,820.25
2025-12-22,823.52001953125,813.6699829101562,818.4000244140625
2025-12-23,825.8800048828125,813.0,825.72998046875
2025-12-24,830.6500244140625,826.3200073242188,826.4299926757812
2025-12-26,830.0,823.3400268554688,828.260009765625
2025-12-29,833.719970703125,826.6799926757812,830.4199829101562
2025-12-30,832.8800048828125,826.8599853515625,827.3300170898438
2025-12-31,829.25,819.9199829101562,820.2899780273438
2026-01-02,826.2000122070312,810.47998046875,823.4400024414062
2026-01-05,825.9600219726562,794.5900268554688,824.9199829101562
2026-01-06,834.4400024414062,820.02001953125,826.510009765625
2026-01-07,844.6900024414062,821.2999877929688,823.9500122070312
2026-01-08,838.97998046875,806.0999755859375,814.6300048828125
2026-01-09,824.7000122070312,814.77001953125,816.0599975585938
2026-01-12,831.3200073242188,815.4299926757812,825.6199951171875
2026-01-13,836.5999755859375,820.030029296875,823.97998046875
2026-01-14,838.4600219726562,820.1300048828125,834.1599731445312
2026-01-15,844.260009765625,828.0800170898438,844.1300048828125
2026-01-16,847.9000244140625,837.6400146484375,840.4600219726562
2026-01-20,847.8900146484375,820.6300048828125,821.8400268554688
2026-01-21,829.0700073242188,807.0,823.25
2026-01-22,826.6799926757812,814.989990234375,817.0499877929688
2026-01-23,822.3599853515625,810.6699829101562,820.22998046875
2026-01-26,831.3800048828125,822.0,826.6199951171875
2026-01-27,843.0599975585938,818.8499755859375,834.1799926757812
2026-01-28,834.0700073242188,815.0,826.6199951171875
2026-01-29,849.0499877929688,820.8499755859375,822.2999877929688
2026-01-30,833.8400268554688,818.7000122070312,831.2100219726562
2026-02-02,847.2100219726562,830.0,846.510009765625
2026-02-03,855.989990234375,841.0399780273438,851.1199951171875
2026-02-04,851.1099853515625,817.1699829101562,822.0
2026-02-05,971.9299926757812,862.0,957.7999877929688
2026-02-06,971.9299926757812,935.6500244140625,948.6799926757812
2026-02-09,967.1099853515625,939.530029296875,962.3200073242188
2026-02-10,966.0499877929688,931.4299926757812,935.2100219726562
2026-02-11,953.5599975585938,930.3400268554688,953.1900024414062
2026-02-12,968.6099853515625,894.5900268554688,916.0
2026-02-13,938.030029296875,915.0800170898438,934.75
2026-02-17,950.0,935.6699829101562,946.469970703125
2026-02-18,950.4199829101562,935.0,946.969970703125
2026-02-19,950.760009765625,932.1400146484375,937.1400146484375
2026-02-20,949.9099731445312,931.0,947.47998046875
2026-02-23,963.0,943.6900024414062,949.25
2026-02-24,959.4199829101562,943.6900024414062,957.3599853515625
2026-02-25,965.4600219726562,953.0,963.239990234375
2026-02-26,977.27001953125,961.0,974.4500122070312
